engine_temp,vibration,oil_pressure,rpm,battery_voltage,failed
85.07045525436112,10.334045976352577,20.805234729218657,1903.9714252417164,14.01402914133304,0
107.36090007704159,3.0848192434871122,71.74812462258478,723.9533821327099,12.690186624171758,0
99.46985659795918,4.798998890465038,73.16698291537729,1316.3046381706533,13.480971510504101,0
94.25163224052338,1.989988494788127,83.17612678366109,1885.7984887169307,14.140472846288318,0
76.52064084166298,6.532016151860326,94.69315335993275,1865.680612257085,12.316851204619066,0
76.78017117622542,1.6833874881674402,21.903677634201355,818.5358183103307,14.15193031523396,0
72.74030556400243,1.7665756370016195,32.56013823909548,1114.0884803189203,12.38130378936437,0
104.87663587061162,5.271368130599527,91.30366615079707,1467.2083171585678,11.8703802086947,0
94.00951761399902,0.6550974698176388,56.84365507996866,823.634916622049,11.897313349110934,0
97.49242264508382,-0.1693108972608493,64.90088836556862,1955.0783185128134,13.776012059177562,0
71.03818888139838,1.2524117379976407,73.4620082300674,1879.7844687739728,12.520194243646436,0
108.90023793006134,0.6770693479912795,73.64656958973003,834.7067093395016,14.738148286265023,0
103.43349505061455,0.7625763468940991,94.08889657406442,769.5870970113767,14.477331646183945,0
77.8551901392209,2.793773163842335,99.27385335722195,719.1974760335614,12.89904457772288,0
76.73247041807988,7.713684100941517,78.15262490404487,1873.429530438525,13.4603883828053,0
77.86275682080381,5.6282237548650835,43.4490909934821,871.6568941076467,12.97654004651759,0
82.14991214145317,4.824304927295057,90.62384480207,1182.787374684054,12.977104478250878,0
91.33100761397583,1.8321052035316818,24.47363809586683,1229.0311994967738,13.4794214208301,0
87.29195993374987,9.76607029277173,38.0468268387537,1439.156961868253,14.111634154278867,0
81.66404367766954,4.607587933011278,91.96515495702768,699.8912906526939,14.452835682591635,0
94.94325769188318,1.1966886636274678,40.432733940956815,917.1251693078925,15.163891662095477,0
75.321732061973,5.601822325965604,38.075525821682334,1904.5653102681365,14.6093937270009,0
81.73384632987921,1.037638167792255,30.99241133494368,1870.4178438940921,13.86910656685605,0
84.42333608739516,3.448970770402192,88.53646916754828,1693.7321785213867,14.274550791104339,0
88.02555125496528,5.373516581959043,60.27511499456743,626.4463282646893,13.80710807457871,0
101.25245239398622,9.076395491210798,74.429540827928,1057.5711989938263,13.820104555354417,0
78.09801817215124,4.568378904011938,38.79113812857897,1478.9928194355564,13.808833438093593,0
90.33000322571273,7.063585438523423,80.61269584522113,985.0871742939122,15.443294988462894,0
94.32446081726846,10.156808592298324,80.27122328014705,1873.145242449232,13.022952523313176,0
71.41071285769016,2.0428023600531997,43.75881148391754,1486.896674740604,13.25088153329524,0
94.20835825397685,3.0995685251075566,52.954840456529496,701.8153598764331,13.688324304454099,0
76.60109941835458,4.340289099664224,37.079674872543386,1873.541555372065,14.733845896448695,0
73.32555266158805,4.260195099352994,98.25591527037571,1940.2922885365833,13.250469012645922,0
108.05369887838911,4.815440325257209,70.67342530579575,709.5884441240675,14.150571111028393,0
109.14120359271669,9.280991423545299,94.588085742203,1345.1045960606045,13.352900569596091,0
101.59311373813996,6.709782489581779,43.16166961030511,1024.7745888365043,13.420398736703817,0
82.31807589986946,6.780737125969633,83.23612359357827,1149.943070094015,13.785098862965215,0
74.35169995806707,3.442678814897335,80.72566421972031,851.1818308168516,13.89601536961807,0
97.41046305512398,8.016381831648706,75.96015395405328,1409.7928689891805,13.50840315244855,0
88.13883993711673,9.310858631150268,97.72405284318612,1941.2340378137353,13.022764150450199,0
103.55293359680516,15.82548355646633,43.08055035044674,1304.0633646686429,13.146403597173785,1
90.5117501245436,0.2472434495485214,29.890993411546713,715.4281192303733,13.515459536143762,0
72.52498990641836,6.462659834649673,73.91189384771803,1467.555069361512,12.823583776943506,0
106.19139680293146,0.6670081511424497,77.92262201958496,1075.4915021739587,13.1683583652096,0
80.12844800330029,3.426050890625409,66.05608819778428,1798.3013772020245,14.037638211733993,0
97.22758361271813,1.1310185795951597,36.30401765526824,1207.951074846916,12.908552723832189,0
83.2582291164418,6.13327232512639,59.46589612631561,869.8426722628845,14.895297708641806,0
90.5412908335358,7.336554425309809,43.85994491596812,868.2329226944081,13.516541766217312,0
91.65831776518326,0.6286144288952814,54.31066437758242,1676.8695027960853,11.695272560717772,0
77.25328591659083,4.0373523554232,71.3367071944078,971.8064991832526,12.735281376562611,0
108.11115985506521,5.467018264421975,79.34063450680969,1674.0832094598406,12.116996940683098,0
100.54598696120249,3.5815072699129793,38.925907191654346,889.1821723479496,12.885104943147256,0
107.07788727919153,0.786433040542388,53.01274999007249,1050.6212942420125,11.789417341836387,0
127.48614253817931,13.237265882508122,33.74308702308393,1251.5178581856408,13.174389750860207,1
93.89865670875001,6.966963959412987,35.7202297554946,1919.7611805122708,11.76599355271294,0
106.99207676719293,0.31769569126870295,82.92104911622401,1904.6209312644369,13.270141324649547,0
101.86772776023932,8.613840938733269,84.41350989295321,890.0352874774944,11.610199121610366,1
77.34013747639641,2.844929408770521,49.73015138213999,1101.1908319780453,12.356795392325433,0
94.0260261962577,19.962831909156534,65.57786341526031,809.3047452128503,14.124156154292756,1
82.90621880841782,7.136865054122464,92.0997382533617,1313.7973243914385,14.26335151546356,0
85.52235973275306,6.332821476652188,86.72156049116728,1244.7235547729338,14.354403576184273,0
81.19137101703913,4.378841870199534,34.2443934482336,1859.820316402244,13.39715697733855,0
102.58813935529602,6.192003956349182,96.06421889465717,1901.8966382056435,14.109145339456553,0
84.46133794083559,0.6166021330894624,50.184058711561605,1137.479032061413,14.587516421579311,0
81.32060649160177,6.032043187169354,47.3796251837909,1288.117418948802,13.146407034889057,0
91.954068958334,9.560132089295676,25.742861385945417,1854.7570119886939,12.219626857787453,0
75.78155332094443,5.579767733250535,58.6464095882066,1729.0129554897399,14.358138152103281,0
103.31552930011703,9.182109685081706,28.47230300211969,605.2990567206554,15.178172279856346,0
72.66315575506518,7.3256502245577035,40.458021683633454,1047.9751282582472,14.033701704101317,0
109.20997898651977,1.4822097740292943,45.50369821064766,1190.0143179402353,12.338863046959744,0
100.57822050865391,8.436735770045992,85.33993163492872,922.2690728903569,11.956452841622145,0
77.67088870178677,0.2169035224194465,90.18345603317663,879.8647282610804,13.187031291844132,0
69.90219112129084,5.63828883460433,43.61874708756093,652.5958558519874,13.153861185281855,0
103.21296540374713,0.9471972358224763,88.029285522177,1500.9665092523737,14.533058005960676,0
98.98454587789962,0.3486692533586022,87.80271886505382,967.7831126778422,11.765101651597798,0
98.87491357476476,3.536773698046267,81.50310194816912,673.6072004213439,11.836896588265432,0
100.43463608088572,3.374494182874897,32.32990753275803,922.5239067912916,12.038226051372273,0
73.19749384755681,4.243743280591776,76.15050882275152,1723.1828372410937,12.541618687504075,0
84.06251761963043,6.04814883618527,96.02347783260711,1791.8000048237022,12.03944537006787,0
74.95122828988295,0.750206189912474,75.18465759014005,1276.1138293039032,13.406149720508605,0
126.12381030959152,8.005794367254822,29.3642435282205,1183.8178794482906,13.19597112627478,1
94.1740530156037,5.877437248046617,59.46813748609457,1969.146107592855,11.769848565640311,0
84.009673594771,3.5618946633933604,72.08304313429306,880.5973621855742,12.80431764984951,0
73.44027284798871,7.0223139473981115,61.054473074399986,900.400348810074,13.252934615546028,0
82.1328985233843,6.018639143881293,29.64995752564803,1009.3089299179328,12.324387074686499,0
82.8134821011019,7.4747307840627775,45.15880931247815,841.1876407581179,13.546276456248084,0
99.32717982888501,7.0997532903420995,84.3532751855197,1130.6101180341113,13.846749435104469,0
95.66952724920205,3.516909388220454,89.55535211756818,1875.0022416361114,13.306469527077928,0
105.81778183938948,6.777338323664979,31.631495409654097,1462.1951827758542,13.87381667585132,0
89.89369927586114,2.6220876345130604,96.46305036806814,1177.111788050502,12.07543331375306,0
74.69529622378504,3.4027063755012246,46.72871086417021,1908.0961936447807,13.633278579938064,0
98.13064286665058,7.738828849463001,73.24213037466998,668.0040714979707,14.533368794821838,0
99.74174233066863,4.299471270842276,79.91542681051719,894.0864562161703,13.819237388859715,0
92.08562288280889,8.349738757327673,85.33398110848724,1392.3138739872452,12.084263137871803,0
100.82212371174555,8.391752751224843,94.96272864364478,1461.81034084284,14.916852859731984,0
90.64910278633452,8.733701355204227,45.56050961845375,655.8648941354991,14.487309700577196,0
90.65050752576168,9.400986153316337,88.08325489424134,1164.7378501312046,14.110214551681164,0
87.21353471016144,3.5420661435294094,30.677853918293927,1509.0625394543247,12.051968960363887,0
89.09604761314384,10.830105384717225,56.24058510540979,1577.117591185989,14.320701026584278,1
74.90985371645621,6.12822186294794,79.63491285265609,1493.766774669972,14.737139213009538,0
83.97897387894628,16.235973386877546,57.429387664727685,1048.7425298721928,13.387185843523337,1
95.19098206409106,5.888701431165229,39.38780091173057,730.3872158527167,13.02895668806067,0
82.32951952179396,7.03620498262443,90.0538015767255,1197.7557810911123,13.327896603524493,0
90.86490808512265,6.8168017927205025,33.219716681215246,780.2984758071699,13.184358725177884,0
106.64360470185687,3.912458853485481,24.73135668207315,1927.1282298207664,13.456885043266997,0
80.89504282882301,2.38428540790312,77.39786209332017,1265.1474483456009,13.758941421057187,0
86.70728101408817,4.84617674845849,58.23576771131272,1043.558244743995,14.511643100140931,0
100.04239949632841,0.7698318441033842,87.44905711918648,1672.8540704081086,12.857326414000113,0
79.44725403501104,9.212005346991107,50.37710516894703,1297.1847576351977,12.904117138105285,0
73.63354818344317,4.123241267146279,33.23296776256648,1034.1405524318816,14.286456268947406,0
82.00029920714941,1.7380017325778392,87.34372663771084,1737.2147751050998,13.715308156503266,0
76.70248850571383,0.7999678116504922,64.75145907510849,1814.5224730216157,13.846344649506477,0
107.7212434384975,7.464359085715225,34.73307751535695,1541.914327367957,13.542915164038288,0
102.90946297779952,6.880877947600924,78.1691439592445,665.4421196417097,14.472546266892774,0
96.0272297559357,3.5306959636337814,59.804252370297185,1392.3319328776672,11.168454087261004,0
105.18277855130353,1.2396631255188868,67.74794387867944,1668.9622846313346,12.872357605882558,0
102.06332403580615,4.1687328655007665,56.392477828433165,791.8286269711839,12.278824551241843,0
77.5361591986581,3.1241264722764135,85.62046436072015,919.9815109744902,12.563057367820559,0
106.3056144228533,6.595499279493227,85.57322305975019,1835.3724318130287,12.81695173054852,0
91.16522184113241,6.839499173942958,76.95760520201979,628.9038018727532,14.70004656092284,0
102.48194286099896,3.2367229490043994,28.32507634285305,1654.070771882974,14.064654411240046,0
105.64698259077605,2.9451094048889592,87.29801165112805,1263.5007273725928,12.073963993164629,0
93.3141232153415,16.258985899894327,60.494961653397695,1224.8855641224627,12.253523897429377,1
75.04130291241073,3.840363124560178,75.89474177693022,610.2745095274818,14.791502917864463,0
79.21295603568761,7.066567004298081,49.36750882038491,1746.692955182835,13.907046356037728,0
87.10752981912833,0.35551642195779576,90.3075983494394,1103.1878507982256,13.247230937668979,0
102.04066256640975,5.1686510050094965,77.43623132463573,1356.8984980323767,14.46640587088077,0
104.80235011326734,0.7179829401891504,29.536144412745955,1547.9280645081988,14.401658659942457,0
70.60082731181816,4.758373201278473,52.32768668610245,1583.5706071658897,11.808487451685199,0
106.04039470683321,20.49462621490681,79.12305698819482,1937.6515915392386,13.886266219552235,1
86.54255100847466,4.819145846733146,23.68677719788812,1344.3553426844867,12.719585029056194,0
78.99388758266117,0.13708677361814753,96.45692411171571,1160.1712145114568,12.904596047550484,0
74.9193065352027,-0.21989588433486496,74.12429027457031,1934.2114058513207,12.611147648761593,0
84.29333349602685,4.620699300699995,70.68210517225187,1499.443557938563,11.316039655806641,0
107.66874039030729,2.581542959897338,41.81891138866237,1017.005234472267,14.300673585243867,0
83.06762804371537,0.23536879920578277,39.45442806592135,777.478431333491,13.54462446886825,0
91.05557312459291,8.067867657205946,95.12080487261326,1779.5420788049207,14.389604860118173,0
98.21406291738529,5.255968046584347,44.39896284111494,1107.0686316938527,13.12532676711785,0
84.3219672878965,2.521205603457353,82.28862379638691,1524.565061085493,11.565504025841303,0
135.71871461258306,15.593811361954142,38.856935945876344,1259.749051714374,11.285293317469609,1
109.03470767261433,1.7768268585826235,31.730389749647085,877.8818977067912,12.362114349024061,0
98.31034675807604,25.083975938524883,15.741705391564183,1442.6651722380186,13.090419604188657,1
89.95642507276885,3.4211076038607056,62.84665268599216,685.5069616134,12.39240846743036,0
81.6850719852012,8.444129546335784,98.44423565973132,1179.0376138599393,13.658846898948333,0
81.99114308956112,7.022959320644336,49.5043421038879,1366.423264986301,13.239506864516406,0
70.71388444178942,8.001588148508892,48.29989581767446,1210.2012903846482,13.929327715153708,0
94.10311243556008,9.672562741518918,47.61133709822163,1648.619697762684,13.115167883651536,0
90.29576686668672,3.055223295432268,62.116112751694416,1759.0418910457668,14.292488231174271,0
72.84191206461675,10.388435064433317,55.50360646944559,1680.3570066846257,13.793116571287142,0
81.11298343892796,4.321806937300315,89.95393323749012,654.3342824386623,12.53554711664141,0
106.05303567531955,4.062551797550179,60.81289279467553,871.5863407334298,12.707804336672751,0
80.52305416139919,3.63551530760411,60.301833284047525,1351.90354907122,12.762151104152805,0
75.0717879334408,5.435833407797585,31.17806913712667,1908.5050756518121,11.93909309081091,0
88.47870743279249,1.820520189044124,98.4674882390923,1768.2331221935133,14.026466394473406,0
109.64602538945068,4.272334814732961,39.88839814363857,1779.2898882509353,13.060846437096236,0
79.43118374828371,5.26874439456514,26.252246884288468,1024.800987736839,12.28714273821945,0
96.37480548766979,7.739679093507091,72.53160305810876,1201.9230752859771,13.83595601223184,0
100.81896283679839,7.7609925775661015,68.60190714968827,1259.0438909299605,12.958658799195668,0
79.62740211658159,4.5975751620300205,52.30110928477241,820.9793152234915,12.468986356021563,0
98.84661462910601,2.9210968830218764,53.47654486882682,642.8162948815001,12.715155038978164,0
84.07117310943468,3.4710868223286893,82.99021962868537,1925.4424275123147,14.077742014410028,0
95.72846188788326,2.7327482296561474,35.94916829118958,936.8533323703324,13.240546265153075,0
95.66628901941512,0.3435730374311674,85.57002765530532,935.8711854993476,12.36924483266099,0
91.38139943110065,3.3490609325637855,71.87107376010067,716.7727224703884,13.206107295319287,0
74.53490930020017,2.6655031385036363,53.72285694502576,1900.256308199986,13.264223525958192,0
102.87705744040645,9.438344120584262,56.52675458798065,1411.4095574965957,13.885262433552011,0
82.06844001340707,5.674600754514502,41.22836720385512,1533.921114318972,13.218215737340165,0
77.11478638105355,3.0936293558612804,80.58882117287378,1876.1850807231117,12.285034939928039,0
71.60821265401282,5.239368342468197,61.46639155992424,1083.40529150916,12.426077596274322,0
93.75738745219103,1.7033226254070892,45.18528505830228,1470.0534022487768,12.333254363877943,0
96.98195644476314,4.755202284132935,67.64431504867318,654.2474068554939,11.641793162209927,0
70.8395408553714,5.860185334380642,99.50852318974549,861.3989992410795,12.490407661540605,0
89.85795261987602,5.336656033305814,54.31818168467957,1763.7600068542101,13.31666355050272,0
79.78171330995416,3.701999141960577,93.83539415426245,1673.5135356439769,13.292116813053957,0
95.7658360271817,10.065066508015972,47.33252431507538,1090.683620450452,13.973101406252878,0
77.53330507599372,9.213319627795498,24.70631846892399,1128.1712362508829,13.785072195012672,0
97.8088721972875,6.217253299242545,35.804272728027144,1346.3914666604098,13.93055337069474,0
85.69779046159839,5.921144067893395,54.35513177263565,599.9769215049535,12.561013560417779,0
107.75408318958549,5.948389976302055,37.12262795826949,939.1320522653507,12.959335300878296,0
75.72469204584839,1.9148877865102842,20.12781422606066,891.0055363740057,13.080822066485416,0
83.96401542194411,3.848447717203016,93.59605267499622,949.999248112314,11.807079559115893,0
75.20351711468977,0.021306155638873725,87.22503268337427,1728.6354179193186,11.439526409275508,0
107.08600531599325,4.667073293310375,79.80961284067224,990.5048392381335,13.508052604508514,0
105.44807601403349,4.655936690144758,32.81057585278208,868.0122139152212,14.164280490654672,0
80.27279726146261,2.031920487461044,30.355144946390165,1307.0417575727824,13.89482857251649,0
97.11942044909189,9.497850724970302,25.41545459027353,1811.130582960748,11.702335459448076,0
102.350691857019,8.96645623312473,77.62412939784926,936.8986031296305,14.333768846809921,0
93.1085026804339,7.100683631623669,94.1550459688171,709.2011493089393,13.449781307452911,0
91.16594415891808,5.3029841877235615,54.84732530773932,1099.4158099737042,13.45651195340572,0
78.95870408495904,8.939412355519881,29.239026113758634,1647.2749427509618,14.489645417142507,0
73.78816291969136,1.7437819753008905,60.616746813857134,1370.7104681742233,13.405654275473658,0
105.54810448939563,7.580215329324717,47.79578429789854,1743.8523236060869,12.542737590876161,0
106.43704406102759,0.6466077119739108,49.39751289161483,1944.1241343166835,12.395992956418539,0
94.99774630127952,7.4210844193725025,70.61672188642748,1710.621140659479,14.868509674014005,0
83.33809992534064,2.514074221916106,77.21425176536881,1445.2011427406649,14.218745415161349,0
83.02361261903367,8.594945151273635,29.26409630294307,1289.5274874144975,13.774021891144413,0
98.81207399518503,9.05542290515525,22.951953506341997,655.6862814263685,13.995160404802466,0
104.6724707347886,0.8399013619262091,99.0541571896162,1977.83736824219,14.198817976889595,0
104.69150555886183,4.39869563691684,38.61529055863778,1136.7441022067703,13.91758237650909,0
114.6605145836801,18.24255420705233,12.467917649152932,813.0255697831092,14.635469996819761,1
96.07416592549693,5.131589092649248,35.095895660130445,1533.9518448540048,14.48982171358913,0
73.57832738069443,8.356763698591292,23.71318418080265,998.6408189469868,11.854154675018592,0
75.98166049221994,5.680816310241481,51.85562926576467,1420.0037424765042,12.427430604051956,0
105.91831186301218,3.2899499247723636,84.65160018343511,1422.0243134204536,13.798233935421415,0
94.25536111683832,2.8421159700713137,47.06972759448115,1224.2005799473322,14.916385156218752,0
98.93924427628583,14.395398163017106,46.04558772389952,1770.598314749491,14.027080060549954,1
74.81056086552486,7.904545820397573,73.7401480827137,971.4071582561752,14.24860288088096,0
96.97875190961005,2.9724718222632234,60.80964607592378,1228.1217542889467,12.221087328720971,0
70.09198126693391,4.93293978578128,89.18854823847211,1353.797885615909,11.01027761977684,0
76.44576497619721,5.07380846960769,88.1970683012803,1528.3554034908223,13.978020249498291,0
92.05354297863721,5.8647075504925645,20.788799038486417,1697.3030052582792,12.41092064279726,0
96.65494047349559,10.002288288235771,82.32274913131752,1152.6669365810815,12.948380884797993,0
95.95486168884372,9.982293448118249,56.719915891176136,1504.6854480804634,12.689114318050532,0
78.6297802544235,3.573814787317164,99.75288022380099,811.4893145394783,12.211523154581618,0
97.98635884895398,8.227457097518494,58.86945610716025,1905.695141475852,14.049514401120518,0
79.34941335342903,6.757154779813951,99.60677158510425,1135.5712141646518,13.235726109872928,0
83.91483118979548,5.6949896399073525,80.25756863628382,1621.7512477152413,13.72932769754968,0
100.18007763535446,9.143943407618952,40.35712951531797,628.8549940181197,12.723118194422717,0
95.69972646699719,2.462440293064109,63.88913154022037,886.2910707370401,14.31457005554738,0
104.25522781044519,0.8178719657984467,100.02669788292296,1281.9136599861738,12.719706858350856,0
97.00419341030674,8.4812367116566,88.05637782343953,1828.758383909945,13.585916973625311,0
93.19466097487525,4.0737192456352815,27.662513464526498,1337.8248843821968,13.85903643778127,0
73.77680589808378,9.33911421799727,76.33717739207478,1901.3672707479493,12.578002029832561,0
84.38516373352455,8.770280668895193,47.89099413720321,1277.7202875650357,14.710796290369238,0
93.46483093760543,8.436809359697243,1.3785949712621814,1286.687150517416,13.862395005528628,1
79.95632842787421,9.24172351091974,51.859031185147096,767.0027084003666,14.110484574163682,0
109.36801880011168,4.724223917361915,38.81427299495617,1724.1587747945864,13.559072448887886,0
86.04149488751139,5.288691463701083,84.49957797555966,945.0346745419232,14.395577136059979,0
106.2066385647442,6.462823760040227,47.70742121056218,1859.6225420164765,11.969342736099378,0
94.97792743411023,8.299989777628062,85.94570839596702,1874.7469031279086,13.138477639896756,0
102.45114917448309,0.05171924722226204,20.075767076705873,1920.4513180825443,12.574088767317033,0
90.2042835265539,5.191013668770331,44.470707145095496,1328.5748201183453,13.623443684304679,0
94.113785821367,6.852771832568554,39.866230932127664,1548.192023396632,13.539971520543665,0
89.35611384370976,6.524474653580497,37.266635664790186,1690.5907166231068,13.691139208382008,0
78.67770141350441,6.899122090082345,25.44662441007406,783.3793392608162,13.409137660585026,0
98.99704000219154,2.196404052208964,34.91703225409129,1441.4932984279776,13.011472767042305,0
80.90518549582701,3.617401741484172,64.21714739705375,647.7981931634342,12.427373934263983,0
70.730695740231,3.556153249487119,44.17199909983737,1296.6835116855277,12.699736569444198,0
95.65871818218955,8.520096715324092,52.94791785690395,816.9994972923226,13.893164602310055,0
77.29651014948293,2.6043452139615044,50.53524851639291,856.0429414231915,14.760805636464992,0
107.87976111813431,1.255113845258672,90.2505203943446,1110.1647181275957,12.382984289021675,0
107.87029307813421,9.112247196316185,93.054679547109,1205.5777688512696,12.663291155898229,0
106.58239831268745,0.8700772353887879,59.102963190080054,1472.62367508374,13.431686010780673,0
85.8774831895237,9.84121201590513,46.04599157568647,703.8596990757479,13.473702081448582,0
71.48203624620506,6.646520998886447,29.092091273927792,1304.5262722143864,14.851308173908897,0
107.35090433834603,8.13477389635373,96.48489100473265,856.4131219295936,12.880638173288414,0
87.14636767177667,3.898262258248435,24.045686918685416,1403.8109677998857,12.03537863117671,0
108.72620842510591,0.9561322343516314,43.5423696982308,1492.2519166501959,13.829713864296833,0
108.85155806993532,8.488085302339368,44.03848742052436,1378.8244427324216,13.054884795621923,0
103.6089819360952,8.261923364806732,46.05098500199049,1633.20280725542,14.64323661340769,0
81.64926741407176,7.552573563908739,32.803332135196264,1070.504237135655,13.900306567488034,0
84.56961710713821,0.6701815982979904,81.1957864789873,1671.2180592568172,14.365429578090538,0
104.24507842197693,8.272746435628827,30.061440550147655,1205.5986208579707,12.741470357187271,0
83.00047817610248,7.1053380454424415,70.18237238728103,1278.1131422672477,12.62948514051522,0
76.538116636294,6.693792938581864,28.899012737404192,1506.9357790717768,13.974733600844468,0
93.05904387997903,7.1125080641394405,24.226688044944456,626.4521591140536,13.597003336528516,0
106.83330813493006,8.164780983407974,93.161350724969,1516.268310255796,12.07231971932027,0
97.109004426894,5.717409926849734,35.27461003069894,1465.78592166536,14.337863406390094,0
92.91467271285458,0.5821095093588817,85.58718417442022,1033.4716283310765,14.091906159589898,0
74.41060890213681,4.60671674509762,64.26498187005225,718.8029322599391,11.482501280435544,0
95.44225291369574,0.5023589492535121,26.547183910213104,726.568839492482,13.113550455056155,0
109.37271187273606,4.492097266214462,97.24400533640636,1891.843510891841,13.427427379022971,0
76.14270102617661,3.5186334947250164,39.06052562326791,1565.0586448866657,13.828257333876454,0
90.71393185979912,0.7703691549093492,88.75435231623153,777.7805424268158,14.469771310271465,0
105.00860922714782,4.097184915847572,32.69644377529112,1098.7397692887612,13.505161705409432,0
100.07257467891151,0.8533828056564503,88.20073940542049,1429.3356094410026,11.991461801090336,0
98.20679107901744,7.72339265471842,20.93399710554018,1770.0530557007319,13.52006793658769,0
97.31116728099225,9.361617947054581,61.255743344189995,661.3892198731697,12.780463395640094,0
85.11791622365315,1.3130273567597412,81.5781882942955,930.336548917583,13.434739181017925,0
82.43371944765346,9.648205888393694,95.09534496856261,1845.58445467329,14.008775921149216,0
102.06166486838578,4.960158846063652,93.0878909630884,612.1400998688573,13.891444898973543,0
102.60243755388593,3.2375951051327587,86.64745390250316,882.4096082600124,14.12271246215924,0
104.92990783634552,0.21747467784342345,90.89765964526127,1943.025919570329,13.599408448330712,0
106.6599589851708,5.346922435925652,35.467063516632926,1458.3135715178773,11.804631017878213,0
90.1785433775148,8.14945909875837,42.8577854645965,965.9568906913088,12.135159060836445,0
89.72484010351896,6.916960537097539,42.716341980114905,693.5568986289376,13.984171189443487,0
117.04943866969145,5.616267897483585,45.38629661896506,638.3414799287453,13.877577693948247,1
96.5849217407403,0.28567789253730647,51.32404461134248,942.8110955784184,12.954974812579982,0
98.35047516760535,4.2961414944993255,63.281637788437045,1833.9437251513048,13.533627086451649,0
101.646399611401,3.5673951917239637,32.55472320873975,1182.7642035577974,12.495564059474729,0
105.98606302802682,2.005189357046081,75.65894181461496,1607.917512223409,13.25064071950438,0
82.0955349637464,3.0392383408628785,33.32644965274478,1885.2894880578158,12.232339943786958,0
85.59770095578381,6.991313923667812,44.50384515829861,1170.5033836149237,12.087149252552964,0
72.88942070424571,8.99997167098994,61.10028640730408,867.2861741706087,13.465303427199245,0
92.9499851691454,4.035497478840213,83.2871600015473,1323.3741122016531,14.006032194156038,0
70.8778560045566,8.606268312834054,79.17532169611468,1871.8151487232194,13.054393354331422,0
87.97657998743796,2.7467038250840217,71.96890158864689,1725.775048868405,13.175598056545645,0
92.28619878199233,4.430480085203473,31.646193291205076,692.2238685507876,14.325901475293625,0
81.22779948447544,2.406386342323184,64.00375789994918,1569.4115384066838,14.021893636833633,0
93.80658236362578,6.311095912555252,26.468166306250613,1400.0217988095287,13.52411715951722,0
71.19654970812238,8.670695535085605,50.60044553414907,1870.3642966734099,13.060756092537211,0
71.73244796358014,4.9745808841162535,52.59999691723724,771.7735352563478,13.329691108980265,0
102.94243337191647,3.274708252206901,23.531299671584737,1347.0466787902476,13.264869929710283,0
83.76612954435623,6.707017752932059,42.4719644907451,1831.652327312015,14.398825874649578,0
75.58055391579896,-0.14454563670874165,96.88267564413555,1173.608440977701,13.006760191086288,0
90.64285211061151,8.636725714578171,96.41626695049422,1274.5513928629775,13.283588389845267,0
100.02145117461457,4.767715579539653,48.070513868738296,698.9102902952466,12.569717488336583,0
78.41878351939077,5.187666309500644,23.159798927698503,989.0693785498655,12.416626001082365,0
95.66599892807716,5.66613697867876,35.06311249166308,1054.3280962661943,11.284802694330729,0
73.83900947080747,6.439333120264489,51.02767586459939,1923.0140828284477,13.6803155226766,0
71.89294277954038,0.7883866323088619,95.30384280075339,995.7989887609746,12.954765337424284,0
91.0795564105667,5.760888972330424,31.62860955049121,1244.025859824751,11.862140131188006,0
91.46458733879557,2.8034204114711647,80.68319909186373,1538.9113520823878,13.155379339372958,0
96.53557005170867,7.247224577794042,28.219571401242302,827.3647048740517,12.924031601701325,0
99.23462107502223,8.479482263679262,97.77880406021727,1281.5379327014489,14.629668746354564,0
109.24910400209693,10.002703928743365,50.28786500900054,1633.499411914505,13.143046302643862,0
91.16715565906372,4.482953204329597,81.97740559997624,1813.4752840618069,11.985693156202998,0
83.03765349716309,6.064047247988066,47.528832488720894,1476.9103441538484,13.585744639242927,0
101.67792671783779,1.2850358536939395,70.68916329485444,1537.0215302445563,12.422343639009128,0
80.73511512594048,7.897125956232861,35.62473574103584,775.7830229825611,14.0242449330117,0
87.52305619851842,2.6913376818165227,31.586245433980412,1923.644076021397,12.900409526798382,0
73.11964413543572,4.754836061480444,94.94603332726064,785.4374187883503,11.799444158875701,0
71.3778445084368,2.5578244651557878,93.66686096681228,1684.8936821531356,11.891406470694657,0
108.53190953002066,1.503037997783436,91.63380029849486,971.9920657315071,14.149629385132156,0
103.80552485909604,5.536990120581526,70.09783311306907,1906.9163983183473,13.960672847176069,0
97.79860995369364,0.918609931989921,84.42689147019705,1607.2398663862195,11.764107611770909,0
86.39743537172883,7.278355138819373,25.02652195236722,1655.5403322083173,12.852711272346442,0
75.93267246056779,2.6108332830909875,46.06052071904822,907.343340178607,11.224060941592494,0
76.71564554419467,-0.22365949895305365,45.42938481659426,1220.309974349715,13.451269470091809,0
80.1829601645328,5.739866000803584,71.14061501802884,1464.4851481524238,13.766355607831995,0
92.46807164317464,0.2008515417679197,48.76530364020457,1678.4420624599811,13.721527837462933,0
97.13570921890565,2.940922387313805,31.816212808318436,745.8748990865946,14.38886102405494,0
97.45208242109962,6.704286736699426,68.42083340602937,1946.798402614242,14.75208441037949,0
81.12756106376013,1.0058571411804684,84.90865440623412,1846.4996515851456,13.886447728098153,0
108.74870263489653,8.736138792955126,51.04751417540146,978.9866594776474,14.444535543168302,0
98.99592370426798,0.9625036432340368,30.56212576038376,1752.455285266544,13.192764444082064,0
92.48054905298731,2.380456719269415,35.43088040268617,1325.620267768098,14.279085347203601,0
93.94212206778727,7.743367963899668,39.2949295672096,1246.3500344637364,14.459293531910031,0
86.4721180167637,3.21173526706254,44.19662549890489,1040.821385047008,13.440433344318047,0
80.8662552569797,1.6668597715916424,71.6020920201382,1412.750941032739,13.870541643084476,0
84.1435659456688,3.2429229941999136,68.11627797404562,1622.0640544304974,12.72020635929271,0
100.42256085516462,3.076435520283896,75.66744238450472,1174.6210536341791,14.141095875049425,0
71.01077341053461,8.329770373547207,50.19434475895627,1481.4395583477387,14.472969604199585,0
74.89074656426295,3.101385087297183,86.51194047299634,1578.9090668596195,12.871220991237916,0
71.9153151334419,7.935200959984258,36.68842633995358,1596.2048354392239,13.040769028365142,0
71.81163259399192,9.044841646320688,57.579159380554,672.99824376183,13.682410456797989,0
105.42013115305942,4.280059674204316,84.57867632361277,1803.0353178440628,12.423149210283245,0
98.11750497668415,9.206788030129184,34.67168920680526,1242.2669545371057,12.608337693757163,0
89.06750268685049,4.562239568413021,28.80215147564965,968.1581370079141,13.36259343890596,0
74.43869362404386,10.13350900770869,90.54293525240622,938.9114537178539,13.923729522449884,0
90.2173979711523,1.3274725415041775,47.39391435190433,1275.8389640490125,12.12329992325921,0
89.53238598400281,6.642422902020492,73.12439712478353,1841.4111482793642,13.3626045933658,0
77.2474399074152,4.493519990455125,22.1331887607639,1129.7593279644086,12.859923634569038,0
86.78256351315369,4.354138333675347,74.9595130327008,1649.2641902972948,12.645773877924604,0
86.75690514204548,6.765142183750906,46.08443992289909,736.3923966683377,12.499926789695207,0
94.0608312255793,7.774906254218803,24.468940322401217,1266.5515462473493,13.370054662198452,0
95.55506376732527,-0.2583576164815239,68.19053921408188,1987.0089225262761,12.77711983826757,0
71.43502246587211,1.5547565597918136,39.2393652087898,1678.78260181565,11.86496596430695,0
84.95243541176235,6.31071842508047,50.421518821619145,894.5658051184496,13.42132500428537,0
95.1987778337212,6.467618582751628,26.68316869077732,1301.9805998990157,13.128182091439115,0
90.28612895092864,10.158760306576495,31.918533769765368,926.8903594251003,13.711800566146184,0
104.47055402465053,7.377130212893731,44.317098655221635,1173.7888213758163,13.61745745707465,0
97.15460089928713,9.827966974913792,26.78531914896529,1692.6774771182272,13.15425069774563,0
76.74414423401417,6.930153462349164,92.8831052230193,1679.8562679876943,14.397077780502501,0
72.70067157837188,3.142550600505212,19.801252557004954,919.1708734697701,12.285895423168267,0
96.1788147123968,0.4798035276007311,59.05956490010727,1891.0919768143997,12.350619383128427,0
71.65518766612719,7.860843358266306,30.11923224082418,1429.6052556790464,14.176841781316655,0
92.81721934337003,4.9459242293087975,44.86222966874966,1131.4927923268879,12.578176512060898,0
107.90790969192324,0.3884120448519699,94.0855743011397,1302.9992774174905,12.842889333157853,0
93.36955348619061,2.7852680371522136,33.14295070731335,1447.3297759747713,14.749878680950069,0
85.37801529658088,10.17099541311627,98.06875513162092,1384.616965203988,13.732937400477658,0
96.41938214434994,5.392715133484268,36.32100303063273,1281.5947246407936,13.210520580571123,0
88.25508782614439,4.5606268511800865,79.3946112692014,1306.5630882663652,14.224939126950218,0
91.88745979937318,5.3374991651726305,63.19111804219423,847.386823786295,12.243300936280901,0
107.57205643891906,1.6143689796392189,90.32416772694157,1737.3505893350039,13.353970987074293,0
85.4518950358217,4.560753307605731,64.36836708679714,1358.8124139678919,12.541107156808579,0
107.89948500950898,4.164228342001959,63.31670430585565,783.2534992872042,14.107345685614806,0
126.5669045969301,13.871821693288192,23.28677595838087,1672.1083156042014,14.300965977603704,1
78.62889792318434,8.243486358770655,33.18039069947664,1905.56159239964,14.358167088196481,0
72.35097136084745,3.611897562832973,93.11568946698895,1924.8923753676697,14.265135589014058,0
73.53542388036891,7.809541787400397,45.95967757258057,1115.7493375884392,14.572211719918002,0
69.65217796926014,8.199185149579105,49.914066124886084,789.6348770431684,12.235242157526676,0
73.45823755639238,1.855451692954573,80.03726385168174,1325.8006981696087,12.167615176916119,0
96.65872603995054,6.045256000321158,47.74634838215795,757.4682617038299,13.890928425043207,0
73.66855351847734,5.33435957517748,95.83228458205548,1906.7926677683054,14.02178316488387,0
83.26393375642178,8.672140179029935,79.39517326262309,856.6025323761351,12.675499692365275,0
103.45093726618931,2.333659275942981,67.15934010717666,954.0678085952484,14.58742440729626,0
72.05709533210519,6.492956319893602,90.80603290885331,1169.5820285242728,14.68000292751417,0
103.06962204705323,5.167219572252967,24.30444497186587,1136.4221444239781,13.693527127753619,0
81.11177529918169,3.0880434549140388,40.75711641113964,1713.106466247563,13.922270484275638,0
73.47689024742947,0.4098815488018377,56.7056924767729,1239.042247283077,12.914223953670149,0
99.0149579008614,6.482080581730031,38.28305725252072,838.7018361776925,12.650121576203732,0
94.46292763781355,6.701817061906902,78.92088689180495,973.953602653798,13.377327455123163,0
104.27618116760367,4.149911437248904,93.41026085674991,1312.057306183927,13.205910282002623,0
99.91412696816026,6.9040074013104995,54.41631614495153,806.3814149013932,13.50706501201821,0
103.35911341856357,4.004185971750773,47.76895897248696,1456.8739962140305,13.5655829387716,0
81.97351931210751,7.763922171653512,96.93165004227552,1392.38887421396,13.965980841094403,0
77.37953631121509,1.568994760207663,55.10079133824185,1601.2842475981204,13.263032049444528,0
100.32196723646697,9.17388971569679,59.44666589202975,1912.6350189092152,12.341695096127014,0
102.70009735008072,2.9740011815151544,48.141680406201445,1877.8294354388752,12.59429066408925,0
109.99966997492032,3.809869918228364,91.60372004185587,1924.4092131831399,11.58749072421233,0
86.64530278844175,1.2170962708568818,65.90775357570632,943.3376283744662,12.69036045437731,0
84.93282398368727,1.481368174602665,80.96185055759673,784.1805009213754,13.692151260810075,0
101.0252218657301,5.3029808585357925,85.54576309206244,1023.5409963819301,12.284324123933432,0
83.25515931568738,1.8484830491655668,46.800288093959246,1853.8567980549954,13.155517247495524,0
107.0899554857092,7.874779109782213,53.107194599032404,1960.778150658593,12.639410041591939,0
103.49003166662278,0.08557941975167635,88.01728388167376,1803.1641259924386,14.430890782951614,0
87.11059128160336,3.837626673857687,49.20620997240581,754.6692412911642,13.278702455223033,0
99.54054715808444,2.8083536053539646,82.66947486234487,1926.3326957017455,13.045282718399422,0
99.6299203047794,1.399114646965221,94.79013603302167,1192.0407921498472,12.611351949516871,0
74.21490182901405,2.001881017631889,71.2344387173005,614.1059105945876,14.514854005321274,0
106.79811741035496,4.437485909382594,79.1773776890742,1219.1163548153024,11.316485805416367,0
90.66925320091545,4.9646642751163395,84.77326445147891,664.5762155711235,13.199516148693329,0
102.27304834249809,3.936792987598115,87.27784199804722,1362.00709296029,13.737123490952667,0
106.04629135749512,12.72624179852945,43.30424519013397,1073.6713914600061,12.709875606027767,1
106.29131473384213,5.9900570083162465,24.015947610681902,1262.3049730750572,13.858419294964005,0
85.07682345259737,0.22811448134973164,52.01729941879611,1458.5653736887514,13.34974965417733,0
70.32118948421342,4.020071306794227,73.70055926339299,1815.4249959459921,13.274545388970427,0
106.49030510628283,9.802080617498332,55.97071044471023,1526.518254022266,12.272199954890484,0
73.16729484401353,5.112693276883112,80.0491862046547,1207.7909352016106,13.675671544595833,0
82.82523325668957,5.821518895650836,48.4835358818662,1747.0640191900984,12.766843715094726,0
107.33546593457311,2.688446073779081,70.14752820434867,1867.0432671307922,13.022203880218079,0
107.72360205552664,7.533111014816803,35.156676784098934,768.4610419831781,13.423042823113095,0
93.0974064920027,8.673058647431246,78.97486905393534,1344.7579376508827,12.601669101540402,0
94.47699162002613,5.4912370388082685,62.63049877639996,999.0323196983027,13.004744085497324,0
88.15805824811298,9.09239744824219,36.69474133107883,665.7556589026361,13.930708767400604,0
81.71861196845924,1.4985202923353522,43.60640401589226,1535.5253671687342,13.264803611229597,0
83.42282679200521,-0.6041753455733728,79.85999900400957,1808.0136789030435,11.845842347718733,0
97.01269531011387,8.242927644514497,57.910374600544124,827.9558227051875,13.371544265864133,0
100.77705139249413,7.835993047739886,36.928559761108744,1736.790239944465,13.742221288709212,0
101.7257740003579,1.155254196836177,97.25032185578057,1795.488919081112,14.110662744369396,0
101.37002294121953,3.3187266533571558,76.41205460106399,1879.76548462163,12.81576905012551,0
73.70939287346376,-0.4680581506258359,96.20127227417207,970.4789915280755,12.387155750361126,0
90.04846120262145,2.234527015249151,54.4945687979158,1866.1983742928237,13.973882775728098,0
72.32678043582862,7.439619076013713,58.72167993748224,1048.6757076230988,14.810412692134017,0
92.00145113855136,5.698794702635448,91.62669991847226,1372.9693068913962,13.763687784998806,0
87.31022421103171,2.7212828939444598,62.382191396788826,669.82776537168,12.525043282928243,0
105.17671685155652,2.3013151500080182,75.62528291715965,662.3039944595396,13.132868873334216,0
83.3352978661833,-0.21204317204981785,40.5035558201992,1607.8777575314791,14.343992879281192,0
75.5574690286977,3.273875675607819,55.3361432888475,1222.3011939092605,12.818651505784679,0
75.0977356644178,7.064718291248719,30.029662073182394,959.2656356781749,14.78484844735461,0
100.11397266980093,9.510363757120873,36.35452666103708,866.7897529013758,14.288036264947241,0
94.36951889986584,8.264894966280993,20.735680226302403,1537.9050600469093,12.871867474787765,0
74.49236923338383,0.8129000135831649,22.70398630772286,599.7113287063321,13.15110561472813,0
98.27539872555113,17.296347578966255,91.05642051030304,1727.8427744577123,13.933868131359624,1
98.66263629470167,7.637723745394755,39.248541879292716,711.0433487509216,13.258793370244288,0
72.57377494244581,7.898973180672333,72.98570402131533,867.6918738363737,12.73241193189703,0
103.01389945272615,4.804566950678232,87.03604895738931,1140.8326331487249,13.081679014158754,0
97.83201555962997,3.725149582949587,63.63000018667808,1279.1431073069525,13.512367392079776,0
74.32652578956268,3.0463777941848464,32.24451052376316,1097.4744135824185,14.439399068203237,0
72.79970935389292,-0.587215087162837,78.2179908758324,1048.3839412991051,11.555554568065505,0
109.62049349516053,1.9532294287700669,68.14073293217001,1950.5807399299533,13.613273397559366,0
108.7723492656815,11.706761869184422,66.96516870223363,1498.595293413029,12.17772643613355,1
85.03258543140137,4.349623679974677,81.97872710337309,632.8052804375089,13.012444284326717,0
102.41933886086125,7.503936176761738,98.4945837228033,1202.7910401135769,12.837535535489103,0
107.82503274548763,4.9615345343808155,65.3597507412229,1826.1948835275582,13.219118676894373,0
109.46194828890438,0.4071698940427236,47.76567526554353,1021.3193009244068,12.56037861345826,0
100.06162640954342,9.663129895380324,71.28399633846404,732.2662513628978,12.013370821078627,0
85.53232297963409,8.945876908298818,25.769184683478958,1660.5494643959482,12.507708103327342,0
74.44529016874243,7.748589791636061,92.10165485807833,1448.515690476838,12.555452716780767,0
123.54628310500954,24.943232723198406,9.618810449057008,1398.6202080780681,12.876483046222962,1
91.65126849964265,5.523309808486846,46.27391665413016,674.9876023926498,13.951735464846015,0
86.92473934570343,9.334417867750094,85.02538239340952,796.3713469282251,12.595918141956211,0
107.54403007261661,0.8681586083129043,67.40560763748925,1470.5443974402651,14.34940928597886,0
74.04606200826119,4.0141123779320225,52.16626778754487,891.140144884076,14.24865285382321,0
90.5245625743564,1.2288420407789191,57.548013179683004,1306.4258288897518,13.140848400649833,0
71.29299619773498,2.537867873820649,87.9606029916154,1362.538851213284,12.723474925597191,0
88.46963155891106,1.2399021195862248,47.238198354793916,997.1300963438267,13.800317080077537,0
72.53662256686613,6.436881382280082,89.9147696581229,1927.0111456013801,11.884123356317046,0
75.56691496228714,8.411842019295666,26.979930185130254,1779.6783561016514,13.222491608873705,0
74.51148600059045,5.097147145588373,82.72706024952508,1611.1262195370457,13.4243052385167,0
95.86662190459137,1.1149065946683234,88.06929847536095,708.8102039978713,13.837559588352134,0
117.39007751648566,18.10090344348201,25.60011562926467,748.2018452120192,13.937872546346979,1
92.82737223853995,5.967670311075071,54.162989108022536,1289.6970784199214,12.255916521915328,0
108.16226316644867,4.749125349188359,32.9590609234166,825.1899055252262,13.805569877968386,0
84.38285304756702,6.312916908447233,76.76801079625213,1968.9155673406658,13.432546872167887,0
81.44552518540405,2.321276402684895,61.51541291674548,821.7297699725893,12.935837604722373,0
104.35897851204909,3.5541166007435936,72.10037259102455,1282.4342337605642,13.105987800790235,0
79.06072649667348,8.573783668281859,35.984470403944,1109.2199599658418,13.154254015022579,0
107.75095375452264,2.707204700836072,37.0141073661524,1496.0393226365745,14.927197399937603,0
70.65161910369989,4.858609312204454,23.91056989900208,780.2242247051641,13.12217112356852,0
109.21191754911001,8.73498117176889,46.93722984206469,1202.1082808025305,13.40603334124296,0
70.72952865673732,7.0305200732253,65.2149462289882,984.0978919550898,13.099427633105805,0
105.83275283284662,0.3573662054228421,89.10919966802211,1843.7513745839324,11.8303959157592,0
91.72187885968864,0.7157952881993199,73.41954080892664,657.0964496028729,12.486431608401034,0
109.11377133542642,0.23921251338878746,54.76094299529664,1878.7501956059211,13.233138716330384,0
73.78814878283481,7.186684438115255,96.01171142952857,1766.7449097536307,12.55708930911525,0
92.36368088073586,4.485935069495903,77.12656005020928,1016.699352364286,13.009280543701598,0
108.41959549688475,1.4553805676465301,94.06970917915426,1705.1355432585024,12.917089764704109,0
109.72094675660064,21.63682757187049,42.017390538717876,643.5267458698703,14.084006368682838,1
95.45510898167136,4.66193199118285,40.674406258108654,1953.2370624172725,11.684278022184506,0
97.8679502550909,3.270190270193695,23.383801120564566,1337.4018026752324,12.240390848005296,0
113.36006885707454,16.449100878970388,69.77026832267937,1024.3208928766255,12.135011380477335,1
94.64198640682287,7.612131776895632,29.68607453642156,1108.5248754473355,13.735105573384391,0
93.45725288894205,0.3958756819736501,44.29547791095072,692.3328492920747,12.864940238504007,0
105.33946317118706,3.6560691117578323,62.336606845701795,1985.8573980452825,12.346545655829255,0
71.76224218298397,8.457232655857329,66.69175720747006,654.9530637865706,13.927258870352036,0
80.7865737629568,4.873168746952792,68.72671370906104,1517.0195152740132,14.805268786296384,0
129.88968682073053,14.351733816351661,12.698674943386742,1220.2468776723563,12.076432191350598,1
106.22859794324188,4.203895713057468,50.495426429445345,1928.167580816699,11.935403369800008,0
88.77192517172566,1.0392652556669875,69.07153509788867,944.8317606218626,13.118249503122447,0
95.10987297251506,1.7276777331255828,97.07826930734907,1343.5677815855252,13.42512284834276,0
80.54909093690901,3.4718815356253327,77.54045498041313,1274.9386972492432,13.769836687944892,0
77.36664216410306,1.533261423225777,94.02440891289625,1583.5509902664712,12.129055494146957,0
89.15448504758888,0.40686741050041375,80.63627454759937,694.5875717272028,14.149336778162708,0
84.20494757786206,8.591496132101016,67.82127052340465,871.1973046136573,13.692970118838376,0
94.50590924402572,9.78363104719121,35.85876063817278,900.5836231140806,12.052881186770007,0
73.30604439829658,8.540914134864225,74.02180934400675,1633.7623867776151,12.655777989605598,0
109.07181686489169,7.5622982850273575,69.44417189375552,864.9146132360363,13.206555872688709,0
109.29387154708287,2.491565271423034,68.43521644192732,1402.5556227149204,13.626564450559695,0
97.99323901318094,8.69728014243842,59.49909654738041,901.5258569202477,12.275573072509172,0
91.36761973557455,2.349113192276368,62.05543923159007,1806.337072964995,12.699003224035447,0
82.73515898979741,9.467068746397322,46.36951619075189,1919.527664369462,12.28700256465265,0
103.03015194667523,10.15799792567157,62.34977574427224,1326.2786332706023,13.642630252385498,0
96.9962521719012,6.685286577165604,35.91822039214429,1093.24767609981,12.503625175367773,0
75.83906109701675,10.451169783747096,84.73193566418601,927.2322585214182,11.33399282359253,0
105.51898469320206,6.216260127700462,34.45111836998266,669.3669270543453,14.741411703540996,0
103.15548538038303,2.887189983266847,26.187660957896213,975.6252119966746,13.26098570690448,0
107.44031322859003,4.305200233224488,54.614957221326534,1515.7724587564871,13.873696476987005,0
97.95233503905817,6.225537996435426,72.60258446678995,1347.19772904669,13.217532438730451,0
94.73089713969709,0.37736933627647545,54.485235991274635,1922.0153767883626,13.469764528903362,0
87.97622121034115,6.651210475682817,42.135408151779494,1154.7626081418732,13.180646302658197,0
107.30610387839059,10.636518814784907,63.80944211720101,1571.4167416537025,14.741134760625219,0
105.06180096724215,2.4363817778268695,47.20016312174106,1285.12349961767,12.994265245808943,0
71.84966148352136,7.561149927980129,94.96487083426908,1317.3487496373302,14.467067051868606,0
71.00523415329451,9.259696596432745,94.11350642842471,974.421344316943,11.768611801698096,0
85.51807291661588,8.790445156322884,59.993807215074206,1236.0533686301442,14.742291219997352,0
102.27699595917898,9.88755119964231,45.72183736692221,1258.7514211387518,13.788876216233762,0
109.62474132963374,5.439898093645988,78.45689134076811,1589.5361031751415,14.353077240296892,0
76.17752454723914,8.838170910148955,22.750401355674676,1916.5445431415394,13.861343706145714,0
93.43118338726387,6.992210149388207,58.30377972931474,1060.9308849567929,13.749198673581228,0
85.73165544000912,1.4751449139977355,47.369994387298846,659.3138716575239,12.198505948568528,0
108.70909603423642,4.618571191109287,93.3946049404634,1295.0735204491068,12.611628864068532,0
103.30688434568192,6.578573286010637,20.38349596882221,1361.7060985827532,12.549417469283046,0
103.80140311023072,2.667892522866925,64.35911187640109,836.3153012629083,13.241872929425107,0
88.29849240090329,6.53188863995913,78.84131900001715,1665.214123831171,14.458512648793521,0
86.60687067219116,6.568870224476933,58.5423126824927,1978.335826889479,12.07617082322296,0
80.93172337890616,1.2491016880064774,27.49488045823625,1923.6726853770247,13.357820789840858,0
72.79796764895288,6.1752066877358445,98.21046891651507,876.5439996946861,14.741113758954226,0
104.8262441666421,8.543972666330225,61.51982166621356,1825.4351091004373,13.954690777908764,0
102.50352688583054,4.74717590343615,68.49894004496454,1585.1812020026327,13.066532287419765,0
110.39759008104537,-0.18505229081633612,39.034480900335915,1234.68534857731,12.832095450719425,0
110.56057725746487,0.33598852349891994,59.21117545393807,1356.7307072420342,11.709396985757504,0
92.49617337728102,3.391278749826629,54.14414252378298,1788.858723650299,13.585569405626275,0
100.76467291714212,9.192242083986203,26.66722440515206,1271.9822036084042,12.788413384915476,0
107.13471107912206,2.6565943718984237,29.139200928556484,1122.5065148540193,13.242931155284847,0
103.45333879555876,5.388958844963225,87.82966798557369,1291.2776175383974,12.415282847491525,0
96.23489084430659,15.285099265538214,32.272766280188875,1410.636498690955,12.794061750489657,1
87.71700931132409,3.2530401587601565,35.890357569793444,865.2449861894747,14.342411452931751,0
75.07289095456707,8.27467432373375,61.10000974417669,1861.9852024548054,12.338622918108259,0
108.19036605279744,7.2439973455887445,81.72346747753552,1544.5788831961354,13.213357950103092,0
94.51183175521358,0.9352074506423657,24.70510443242393,1486.718861569177,12.293880140930272,0
79.11046283110896,3.421419558141873,65.92036215279654,738.3130720789738,12.992832027356052,0
97.11127819814737,1.0391667501792625,29.656112904132737,1446.0739258743306,13.368483915501242,0
94.7573668257209,4.829564282165399,22.271603355076365,769.8691270777961,12.3404696756389,0
83.33877543813668,6.845841182234368,24.147886715295297,710.136211720841,12.974621255064253,0
74.07263599107579,1.660801121268537,87.28140221579044,1339.107545834388,12.623831485927532,0
96.79088404585117,2.3782681603115066,28.342171764662286,1164.3296644458267,14.24508109360611,0
90.20746066473119,4.215102204539184,24.379350203880616,1424.618514907289,13.839186041119715,0
115.3307579314418,22.01790314996567,45.06784542195702,725.454225635737,13.427876011349017,1
91.57191546065158,10.355935541837887,87.28959544744674,1203.5429729117923,13.227103710654038,0
104.69664093859026,-0.6145007202195891,41.26436553308005,843.4549958135235,11.993543212227618,0
91.96955211551432,7.5605320848332855,53.73858326552647,1981.690550818028,11.845945639266473,0
93.18288192984043,3.4158303361314513,23.80879778931944,1386.208881422868,11.877076945834666,0
105.14047783493487,4.140713337611878,56.417622702175045,1562.007809647165,12.461283948403567,0
85.97077166293687,7.777671827154328,65.5090110893792,1055.4738567030327,12.668156539978272,0
75.05390780625515,8.830451374043074,65.96619550690367,732.1120625341302,13.803811622619726,0
71.00007220928948,9.153199012937462,46.49132144712759,1967.111169194552,13.1838431595784,0
100.01140181767414,5.715893176104543,45.284070738309886,1001.6033957651655,13.921388169920174,0
105.89339522908051,11.624784536655868,9.945890945519984,1192.8895247954333,11.767569224752451,1
98.24347771449386,8.296482706313856,50.217934186261886,1509.8831393837995,13.844221084355793,0
78.52008947043313,2.325410232399279,28.47960441978846,634.2359697366737,14.73474543013348,0
75.67332810834397,4.187246178674356,80.95778999497765,1734.6702550437174,14.033768793435776,0
71.17710976410844,3.3983735869378284,96.63463851639975,1351.4643075786896,12.992475505326308,0
84.49827941998454,6.047038826656775,97.41312021784763,989.9099146821576,12.9756472336838,0
92.85425848996037,1.5883512212045963,89.42293927307716,686.417138633311,12.94694452253217,0
84.41280123653831,1.2972161382369714,68.18347486914264,828.9654847674122,12.929651297079609,0
87.9661568365688,9.237095102670857,76.69582219189452,1852.5334405123062,14.184574035520535,0
105.48290843054222,1.6823572436194847,43.21142407552355,1559.578611833029,11.958402462091776,0
83.81783597998567,5.216171314281807,70.94641812668611,949.6658651912951,11.867216520834699,0
89.97452305336274,1.9052761355222194,56.615391655495415,691.0570767902612,13.423656796079667,0
111.6251969708377,14.678369245308602,40.700613819635976,1566.115206206288,13.952049387789865,1
86.13244265695319,0.13064302780476802,80.5242755644392,1400.8701590277724,13.168688711405473,0
112.16853547763769,9.803875748095034,36.582784376330856,1165.8662397888133,14.708328773624318,1
104.20629314950644,8.09052221094351,45.41740747129926,1108.5787198151145,13.010519005432764,0
106.68530380023323,1.948873036394407,94.22288847460281,903.7990957759743,12.989204834573142,0
75.60981701303528,9.309629852473234,24.338569430454715,1537.202664621982,12.777835113019108,0
107.25940700916105,5.895249674852002,58.33583794879631,1958.8454816239826,13.294081607625241,0
88.94519593879447,4.317830062680216,92.96239200060589,846.4484605588067,13.705629386020501,0
80.42145549184791,5.592904882720866,68.98356434696889,1435.5801067593138,11.800713373783406,0
88.35777532494394,4.694110821914287,63.38472207723984,1193.7268050950142,13.53197593029428,0
109.49094876121963,7.891885633415735,39.86167871592008,1225.5470904355773,12.826079535723878,0
89.76451394392186,2.16639469975523,46.99230750416287,954.83540827863,13.742248545640354,0
82.66352994105955,3.918517872924762,88.72349572315748,1753.9963731715116,12.150565592613853,0
95.93431992350128,8.439834515869144,64.59022266268263,1279.5309044705364,12.606336520935082,0
79.52655996461424,9.088347512827537,61.90575327310548,1361.0142002178532,15.123818800710993,0
73.02088085459158,8.192189679556906,28.73075100847277,1027.6973879836821,13.33790255028007,0
74.68855489688937,3.9437788661303177,21.241729534048975,854.610899371663,13.707956716892946,0
74.90019243271514,8.291311259307806,96.59059072869026,720.6844133425777,12.51320807601601,0
75.63370638347833,5.021171377232966,49.11594444408067,1599.6690609730892,13.099906046670172,0
75.46661387601469,5.46460957747504,67.52102643144696,874.8766079737903,13.421761413552304,0
96.49084403219975,2.3078723635398073,25.69028844253347,1566.9391242851914,14.193172760199191,0
76.5892528045001,5.35946811831998,75.33837767157448,1145.4650280566725,13.24079155567237,0
83.01991063401616,1.6959643653697007,94.66324899009034,1182.291529514298,13.105764683803994,0
106.60712155998728,2.925547426113206,66.24802250183957,1257.9162878949192,13.598612120749392,0
88.85380377193896,9.215589468218871,28.979015285565282,1114.9329284881653,14.380117356063522,0
96.36777317151113,1.4723637688953968,65.9387389832695,741.6932545932426,13.290182739205383,0
77.41274719176323,1.1584316964288837,81.75131693659533,1033.1699279292195,12.518916963760368,0
77.3887529824784,1.1365528611825477,52.65670998211279,1529.212081224432,12.217126626159333,0
72.54774950743263,10.322655305889121,90.31341719597464,1532.1149244076137,14.064435155023407,0
77.0963654585562,4.8643610833035975,72.17705744788921,999.6052345963127,13.5351624340704,0
80.8996578572055,4.4502817979602645,92.75781236620412,1243.5595882668379,14.629919765667305,0
78.15907347770262,9.249611728348604,69.76990366801844,870.2776816770204,13.879398447498628,0
73.24524388878055,8.049438440638312,30.53772266171497,894.9319471807864,12.740423964011978,0
75.19648253002869,2.5543902073898663,44.87163534778078,632.7020003220923,13.797275997360053,0
88.58079701151227,5.9961755577840705,37.33965067783355,1855.6071880921957,13.50666465162765,0
78.9042193809311,8.067584172949532,91.65644168513948,895.4013825532966,11.737372436408613,0
85.35155004028644,5.604931764630253,81.17361689039302,918.4653530046877,12.647027628320725,0
90.15269290872715,1.3297912215320322,74.05446838842094,992.0429715379544,12.093553993155377,0
97.23908421000152,8.97748742869005,44.360691433621824,778.3756945949167,12.818171611682786,0
71.80247166511352,5.483533295775044,34.394895487019724,1494.9969684776215,12.071495300589172,0
125.4416915719017,12.270811120455939,74.34084075923089,705.0673381319899,13.702144341767891,1
96.12270920339962,4.363426782277366,58.288340960059124,788.2256220957086,12.337142694374188,0
73.33862894349625,1.0151438106457704,39.61961927257225,1502.4488178178235,14.42760123035026,0
104.76048418861502,0.802509821854777,69.73377634792304,1076.0130843626189,13.576412304276152,0
106.92723617420498,7.316969935929342,22.802675372060904,1590.5608828113066,11.495358572559272,0
71.76955524942971,-0.3862133750817506,45.88174048924893,1379.8451844108347,12.851984736859707,0
80.58929890663282,4.580754190754226,57.25785251309885,958.7733556636815,13.142439752704728,0
102.84825814569467,5.675301105053416,30.93884514243746,1511.1148585777676,13.265126159036058,0
99.60194047586063,0.771956859668977,98.60731311141645,762.5562067019564,11.861450307211548,0
96.4479963373399,24.563347804075924,31.63629601448784,1351.4195651782802,13.392193610728414,1
98.69363884552001,8.42848069209691,19.67047197836926,1211.7037163560055,13.864078396591063,1
85.41173618898678,3.875599252138377,36.80703123647701,974.9229153172669,13.877222247268277,0
89.74039606297337,3.8010444334064024,81.76877806332011,1446.3066108103358,13.056791362038753,0
95.22821470411475,2.671977619796372,53.673336080761906,1820.6366004493007,13.567086040622529,0
84.37814803850617,0.9056376752486441,65.16251036153412,1999.2527787734425,14.363896859478192,0
87.790483311955,6.465136337041077,22.479893462729375,1450.7268133523276,11.811428442153302,0
100.649504351328,9.406230929861527,23.121278592618097,1167.2035755133304,14.588152152908268,0
71.30598819620285,1.8752831025094747,55.67043581361037,914.8154638887979,13.860489034887589,0
79.9720612655333,6.991211579912896,85.21357779764939,959.4810737157954,12.13014192873251,0
99.19808050630662,6.893892899786078,90.85741483183105,1270.0617414833598,13.758400177207124,0
106.0863885121883,8.863001365573991,26.680643628680066,1115.025215893942,12.523678231325686,0
90.69504157066746,4.911560042134448,62.016673415222314,1878.908341750384,12.652579178685368,0
92.36704058306317,3.376910506446292,94.079463857609,1115.5503884281197,14.439292887906072,0
73.96512133840096,3.3948268520610614,51.11548285143061,1122.3672654326456,12.463460669719787,0
88.36041473697881,6.632276660534753,86.56434014683076,1137.2959000317328,14.833481386410684,0
91.33319722064947,7.744369181993679,30.666698477016443,1771.0804776843627,12.611158646627976,0
79.83311628482082,2.44094913021436,94.4640007730616,1510.451240740446,13.127148578743794,0
81.5339634511815,4.099084583530319,80.02090316202982,1460.0572217285428,13.48640067985725,0
85.34528440232972,8.999892207802729,94.50705404185497,1067.0833663250019,12.336750993433109,0
71.07199595063388,7.857980424064447,75.26792193322717,1744.6471447027575,12.888803250083297,0
83.41942029198204,8.83568009106907,48.45505856074296,652.6559613406686,13.51114807779933,0
78.27544391509034,7.007056387478588,94.53851066005421,1818.4040622172597,12.01736371140175,0
82.68028925344707,4.887661553849084,41.82521250254108,1317.9391242963616,11.5934308474452,0
74.26808067575952,5.266150554445145,47.21783962736479,1156.5680607897266,13.381103758933872,0
104.6379129349078,6.704882453083743,76.07192793977055,1295.2936201424488,14.073317965398209,0
94.77180170713211,1.2882801497688388,80.60723606401567,1534.3805582892974,13.010277389068952,0
96.61248858291874,4.817508257037505,94.97944788831097,617.5997936770098,14.512154287875301,0
101.45622273250065,7.185563522116637,36.7496930378895,1821.1686173595265,13.586133124440554,0
89.79928130721784,2.1421708087659312,84.10906029614614,1226.3522837089622,13.113393312925714,0
73.6305148724015,7.812566835209197,79.4415513923425,1079.7191663487338,11.948240079565604,0
91.89213027901155,7.2719293329745005,26.300745450579058,793.8223606968817,14.927185304316078,0
93.90388146501505,8.687918227536848,52.07039874433461,1215.6261653802587,13.373930984078147,0
99.52604024808873,0.9535872470108564,42.27787889330624,1294.5531403691184,12.371809107823996,0
87.18282099229398,2.5668605068564374,45.17117644472801,1164.3576015226197,13.059877100149874,0
75.2445020870667,6.401498870416578,98.82733445925551,1550.1179821330018,14.401635578464465,0
81.2266906688572,3.18625269790893,71.6717409864631,1189.1687174255094,12.87757054817218,0
85.32696464395539,6.777663542157423,76.56795720765831,1945.7667267367174,12.331504924290318,0
96.08217712908318,7.70455102144898,98.04421810250663,1439.2096833871108,11.942888130256742,0
93.19857107978139,0.09620891496560091,49.76973080144281,1730.0937451091697,14.334916181738297,0
84.57530967024755,5.440168392353374,84.56124288367113,752.5222655794809,13.25121624200046,0
121.55051818722356,13.71356806202184,44.51937814567076,1156.262351609443,14.012044121781829,1
94.32150355362734,4.012137786476962,88.52545056969022,1071.7797670722982,13.75699786930712,0
78.84065569546186,9.858307788240296,34.441585872902124,1396.6870209192784,11.783362714244488,0
74.27114288069247,8.458873118837067,96.37582491753949,1806.0229733914914,15.064477419508995,0
75.78868712047736,7.046138528995506,37.40839719171365,708.7882642979213,13.800875133610147,0
79.57400079450545,6.70273218901933,46.46217238097571,701.3156605332373,14.46607762946666,0
76.72043693975978,4.261051056306666,80.67096146235599,1790.3157871525398,12.228355695656845,0
78.08182249776905,9.803312521054423,51.67124144120885,897.6720085973745,14.3936601022883,0
97.89500164879888,17.858419265058927,60.26107781811528,1535.9720259929636,13.517016282834161,1
77.08936031808967,7.170755398402138,54.95758968348643,1360.964922546281,15.036750585593989,0
106.72172445737463,8.63991041150009,78.82882989347003,1765.6255907976017,12.543488882233607,0
73.32972641620997,2.288408705925027,38.621176446716525,776.3450846322008,14.041162175915384,0
92.28129713990037,8.657087461300751,24.6863681067096,781.9147154015213,11.861848634142083,0
86.69862790240224,2.2851144414108098,43.925095675541684,1379.5917319582866,11.337609487317145,0
108.41476329676634,4.4240282406807525,57.73274816831324,1925.1682348784132,12.94315938290098,0
74.85822689727436,2.9169430041085573,33.289009752673905,1182.2618255936818,14.108042812079848,0
86.10480315427105,9.596250734382297,48.907239069755164,1057.2221438546073,12.59952559539127,0
137.33535750787973,16.04583237240512,37.01232242520345,1448.804843517572,12.799461045269451,1
104.95687571139419,7.334943384765483,23.920815138411097,1902.2506076647576,14.76863484041337,0
102.61365484597931,7.162733797380085,67.03640574250645,1771.7150375559554,13.27920048912213,0
79.70396396365291,5.184247398798861,90.64503590577064,1992.8141694641015,13.469631356579136,0
76.73099186695963,9.911610435546976,32.15513096901058,631.6071861029873,13.303211364631467,0
96.32046856987259,5.323155210096406,68.62843022532088,758.8481761645739,12.39486296796169,0
106.88477784020107,3.347040048417083,73.16885611419245,1453.330572408583,13.561134425070035,0
92.56480492276751,2.308074769868658,53.69136627010243,1748.6606723379018,15.168656243129044,0
93.69945983097169,8.447155877208882,75.49834524349244,999.0329990051313,13.390058441200713,0
81.39649951132286,7.411587569379811,52.74868875310548,935.3447791001821,13.98415607966545,0
100.18177579665988,3.8833493164293666,60.67574606079909,1701.3532027470624,13.375989690026278,0
77.70405127641101,0.5289630251502472,19.810556697433537,679.8577933548238,11.82822401065543,0
83.54548519949257,7.959121742051979,75.43803167733296,1118.1023864894764,13.653544285619885,0
86.71256609249698,0.1291955741227774,72.95780985190035,1308.2612870285927,12.882022448975986,0
90.23740656404173,5.960806023985919,23.092713913901285,1384.4823865464145,12.469708483657124,0
79.70373339396781,10.140798920012038,49.97858804093977,1620.5765494140085,13.72331861798984,0
74.20102383302702,3.5958666702611053,98.48976652075766,1097.3314120540351,11.546393247035299,0
94.74894191458723,3.1014439641740275,54.39796095466757,1457.3550866789205,12.317999517781429,0
81.48474805530634,6.883650053450593,59.65883765275032,1419.2623143407704,13.477560256713492,0
93.459295078858,8.065447929190263,92.86237493638666,1366.0013671979043,13.83215645650841,0
75.73076252206704,5.15043620773622,77.42318346245548,1496.8811428682643,14.874847488841386,0
89.02687492403099,9.526333315600423,66.03098324306035,963.5621534370352,14.398178351596266,0
91.66476798097732,1.2259528891536293,84.30252200833147,717.8332921995499,13.003116227047393,0
71.88652489685118,3.8040516547777417,90.31163796940427,766.7527414032328,14.922683820418962,0
84.32765305337352,7.8230221662695945,56.542542701739436,913.7417087566707,13.791055036744911,0
75.17676898475166,8.795416452042643,58.261179738683715,1299.8277098267774,12.951067958576003,0
72.64734118178666,1.1890452951492927,50.92633409005453,1776.8953592945415,12.43085030229814,0
110.06470471153435,7.462378621112196,96.97969886652326,1581.4439378903985,13.912368042897793,0
82.1849709325224,6.365267270789554,74.86292020432703,1704.5064329048498,13.611461850953477,0
101.514573428195,3.4927833799282664,26.3049585550981,1090.5522176325542,13.171831529582983,0
79.42279803326551,0.7404750304929559,88.34079067456561,1166.6087334128326,13.284951695766328,0
97.89140094067076,9.22161486027149,59.296846305931005,1151.1325037269355,13.614299554552549,0
100.13318532264124,1.7420085199401107,25.442757666837377,868.2579785412855,13.622315889251647,0
114.03663529412043,10.396115779245786,45.369619948424706,685.6088142521596,13.749579876875899,1
117.0574678699707,14.400215188558136,46.12945596804363,1427.3726773983692,12.718542374398371,1
86.56591221748926,8.201264000088404,89.65907683758205,1984.4959227143659,14.234269188478866,0
84.72578563800374,7.277440641300283,35.93613626974871,832.823455658367,12.069066399485312,0
108.1842122139926,8.49749945435029,86.15120489399895,666.2615350753267,14.633324839794053,0
104.25552809982737,2.7706820873359614,65.12947979054795,1691.027718201151,15.411373059859306,0
109.20525954195708,6.429571526693497,24.61966677966192,953.5720293070204,13.815527198633841,0
75.48392020232752,6.598053893871174,97.87178667729671,1762.00674736161,13.745343091600121,0
99.53096248274636,8.328146931576823,61.04827839587401,1587.2758614421068,13.251834766585624,0
107.92279881092485,8.469933542102204,43.47026626628998,1923.320708646182,13.176209259487909,0
76.97372978846214,0.3463046711900215,57.65337381170527,1172.7230436662041,12.822732499116393,0
72.25075125295994,7.783222715356484,88.11363654401066,1526.4039990882407,13.573649644352075,0
99.64313874289688,0.01097824460436414,44.415289561621655,1250.5272979862907,14.331041592593047,0
92.89383221593401,5.307855267426566,34.877267389477154,1482.4640702214574,14.869104754659256,0
103.44653704566724,3.084550309487508,30.366241025920928,1228.875640926932,11.795989635783037,0
75.93908878877994,3.0408135707185426,43.58842790047278,864.0644993128124,13.183061708157245,0
102.28834507868086,3.0384332443349082,83.6735377745949,1310.3191310612092,13.388869937841616,0
78.1092962450557,6.773853418611337,57.71016202374508,1340.4912857956751,13.985272644760684,0
77.2850027551558,4.500520017696322,37.4964085123524,1734.8728890322423,13.047689214678785,0
75.99978736017297,7.4250562354147585,33.22770986344147,1629.9402055974645,13.206239723534157,0
102.48615907961542,3.5932397108706966,46.87803749364927,1529.0751792120486,13.972256765087016,0
96.2494776675466,-0.09094825942715135,96.03063180393298,758.5583318064956,13.895517859577538,0
89.98934868222824,7.966586415451663,47.14741080723259,1609.0065888817846,14.570330712265928,0
84.31187902201876,3.409521917585189,98.25871208935901,1299.845193580118,12.508816610299654,0
105.02714787833268,4.5652526692403175,59.22685496694398,1851.5603553314163,14.693361582863808,0
86.45452916852648,6.853236911759589,33.64281411026224,1887.3895010258207,13.00455177760337,0
102.97938342114047,3.029925745592467,91.07312962272701,676.7739424372041,11.600275292753523,0
87.05330293064414,0.01977474510811139,56.69961960803065,1747.8432653759573,14.169123700828756,0
86.00482346016341,4.156586133290577,76.73889075371191,653.4460098864788,12.386038696660124,0
89.11770827454694,9.901371637635826,99.04150888526931,1113.6942065964547,13.240316414970948,0
98.70137395479907,12.966326914343135,16.85346296697213,1359.8016538970926,13.863350807621773,1
99.79113315762513,7.509710975762411,27.598700156921993,807.8755142386756,14.701326525571517,0
89.62909598533743,6.6098571468233995,77.6294041405458,1644.1963377434492,14.762286663356779,0
79.10240441783716,2.6897187121672648,42.620799242397155,611.1523802231576,13.057254525154098,0
106.52735724083482,3.5122747667802434,34.79302534336188,837.3189192873294,13.848846160644808,0
86.29794200789577,6.8264859059254634,23.36695327318965,1413.9910247658295,12.550161537066366,0
92.51373620869565,0.939244320647943,22.169656713717014,1600.1268275955451,12.61672805721807,0
106.01445972768873,3.0299199743447196,82.15516530740875,1883.4290303246912,13.96517429031786,0
94.40971111991517,3.661371496122018,30.98146695131861,1587.379889507,13.01514723363211,0
74.74636475179017,4.673228732852626,56.626537694318834,1540.7071547139126,13.616496380779981,0
106.70906526175759,9.682346771015835,68.49685906394147,1151.7190139405689,13.419527536772522,0
95.26990597994912,0.16184086300527334,54.5078978195085,600.7820188553727,13.545711186771923,0
83.32242329313411,5.802010230165526,22.533002784183875,767.5621843366152,14.243524272904072,0
75.33786465560136,1.3112941072467472,82.3339448199158,1348.3869090323801,13.718224457775655,0
100.96365603717844,10.520999731483602,20.511538325887958,1544.6163065644362,13.888297430220273,0
121.83040844350013,11.828165224072638,66.7096735465772,1184.3939587225907,14.364145686102024,1
91.0720932592219,4.831301059924837,91.7325664529955,1622.4132856200297,13.08685253026787,0
105.17074490418315,7.718315493375701,55.14413421203589,1330.2160365037994,11.970708551381994,0
100.10775734234039,6.977046535553224,62.63966779417806,704.2732564852438,13.33594808417845,0
76.05323773678474,3.9675881830262596,58.612652566225826,868.9464916289485,12.976599148852893,0
83.35500851015681,3.2947877408541424,51.1984293944574,1775.9926803308633,11.447136691313299,0
80.77019519985257,4.190282131716324,90.9318199410476,1615.3173272607507,13.337891485521341,0
99.52930357461393,2.6813408796952514,91.40898873869025,1852.9070861141668,12.985557588008325,0
71.04019135925029,1.7564236830336453,47.238614853623844,765.3034304149369,14.436760749336951,0
93.02997452289017,4.747581270430084,69.36836922956937,1986.081618829946,13.895404687931746,0
99.99915471003347,2.724626075535648,95.29051768549296,892.9545820406432,14.471490097483912,0
105.22152142037972,1.810249601765095,96.53856759380946,615.841272168103,11.271365364915395,0
84.06631008782864,6.796644692139919,60.97577408477879,1996.1776243162897,12.69388590679394,0
103.46375879882268,9.195512704640517,55.96138391784039,993.9858245703095,13.253761574625631,0
74.37519243996832,5.459705803990879,41.86090178078774,1535.877227203715,14.342554439959743,0
103.75625479429225,-0.0738775029056924,96.70431628671531,847.8353924308707,12.87888125309148,0
74.66055519990101,-0.14111011039327537,31.493820597532906,1411.4228491455237,13.740773600782944,0
85.47805144539475,8.836508456899516,67.84545286134805,1866.1905536427134,12.945189710385336,0
101.77857518523138,2.618397424258091,42.511948493649506,1047.334375088178,12.608751878599183,0
76.18037984735905,1.8972994295880383,41.75557386308139,1538.804625124164,12.388448242732368,0
79.62684812242229,5.727506033556214,52.53399234884227,862.8811320544976,12.520451810515244,0
98.48851326038248,6.3253628360366765,98.86611484647918,1475.0648248631824,12.067125405009575,0
124.07996616994824,16.782713394866253,10.405168217360847,1070.364268370567,12.585950490492644,1
95.51034351489061,2.7395528716833373,66.29135809743009,896.2771458394853,13.2009080088713,0
97.74725413150979,0.11238511178175352,27.00307283429478,1037.7223836120368,14.11120272096366,0
91.33537189432994,9.052506812745095,32.84847752395544,850.0432684554926,13.19926240536512,0
78.85984222614164,3.234394231050631,54.913250532378036,1862.1835036591513,12.729142553164126,0
84.2698624383373,7.6638612023444175,60.76150350040034,1155.1844984175693,14.049006746510766,0
77.63233062060324,6.224969351725752,40.320332253856584,943.4382907479086,12.664970138454349,0
106.19735867478603,5.588059875351667,44.75253919254944,1228.6740219812245,14.48740685797689,0
93.36916714925727,2.989168770947979,27.11230901016496,1050.0840861402537,12.218929567615707,0
86.29202627939765,2.228693640185562,43.62078993324174,1642.2355332321995,14.414337205703147,0
87.69895921732204,6.229665603754964,97.11736170015759,1960.266217277226,14.713912840905556,0
107.62680724579947,8.296820234913607,95.07900355384892,1213.3631666956699,13.362082461504574,0
76.53118846445412,10.549865323137258,47.06510480410393,1805.6962015585204,11.866326003666098,0
92.82204856908727,1.6543323412093742,66.56902995193417,1392.0372286579036,13.02927078148529,0
90.38232612146196,1.654573141293306,92.11683729747388,820.2274695946383,13.76045102307818,0
93.77987851507422,9.960855719490661,19.568196569822952,1567.1405782661814,11.983090505975033,0
70.95762234405039,7.91830249552658,84.79224218433231,1318.5190661117101,14.537468191578697,0
104.86713561661732,8.54796450426861,95.87741312109239,1510.8103854029985,13.89099705255643,0
106.47716539139174,1.6182177190824494,27.41538840006321,1845.533162540832,13.850245316533078,0
93.18769702079695,5.914930242578842,32.69265462501651,1217.0216005771297,12.640517746046504,0
97.49873716667668,7.442214006423709,96.75938457229572,1861.115656418484,13.606846864568796,0
106.49484902858464,6.870649053796436,63.186966696498004,1650.9108488900129,14.483804805786201,0
98.38982997115141,3.2930186675714825,21.655946204060317,1285.0028989637049,13.683282415438121,0
76.67588039128482,-0.24746330506233638,39.63303551592319,1445.0930199974423,12.432454423812217,0
92.54362349718333,5.792274136245442,55.81102422199304,1056.4881750510604,12.774693090499404,0
94.29944178023823,2.4931825896331725,75.53961727895195,1977.0484355543729,12.243870005060352,0
87.17963510226073,5.488813549823807,78.19384219863859,1534.4521270523974,12.200303121696658,0
99.80432222862048,8.882816179638674,100.49930584992013,661.8867115786334,13.967064890368334,0
107.4629013683992,4.243147797342284,42.683191010586356,1058.0507958119777,14.871994527632385,0
106.83922659672939,9.142572620808412,63.03696180597438,1471.6644058062393,12.89295152564092,0
87.61977974584093,3.0211309302039093,62.94389487718954,678.2088682654107,13.74504039634308,0
74.5725937751534,6.522406268658307,52.155978361378054,634.0925898975013,12.478570097460047,0
108.85757845250058,10.015784270749535,32.60966498349141,1229.8954906610393,13.013061159938763,0
102.09524821609006,1.3038111873286913,97.98219779124913,1065.430391175109,11.493727174879016,0
75.20478715020951,0.18094028804856555,88.7800952112904,1212.9909707529346,12.218411126804481,0
107.28564272523799,4.28640532570649,59.69819470014641,967.4931254812351,14.383102330233056,0
103.61438826471422,1.144242525263695,67.83641666399289,829.9036610784613,12.557060625711916,0
90.24865693268792,6.21772045415247,38.64372038952435,1565.846246908839,13.366489899244472,0
93.96059456029978,9.486521383516905,63.33757818332822,1320.3883447489304,13.468386757789784,0
86.98885588966107,4.4032986789185715,75.34253024289295,880.1869204782322,13.99110222749584,0
72.20086240671895,2.475878973165277,61.28809031575876,1047.7192351015815,11.248951056805867,0
83.04388819522147,5.367464287925877,99.6081887516047,1429.0122433132894,12.318119090089274,0
102.02268972336803,6.897011169104735,70.09818926568437,701.5940316597463,12.105470994785284,0
70.87271912975821,-0.1109963787288056,50.09151506120224,806.9710239446051,12.946918144130207,0
83.0169847780835,6.8903165459493385,82.35208219246122,702.2284229749507,12.115280617081893,0
85.5271517403126,5.716886196448862,33.38401782703744,1737.095332397288,13.266940346786393,0
91.2544523564259,6.101824827491086,50.24833104351658,1653.757442324534,13.255307630810439,0
117.71101764085282,11.751925527934812,31.57619991614551,1654.3744101001403,13.984054730764127,1
109.38069938597214,21.884949436312226,45.204593708668654,1602.8529275504259,13.957875461910097,1
84.69046730508389,1.0178161169944206,82.00312970361581,1537.3389750200295,12.82348253514223,0
99.66158956094796,1.3463906910918768,58.64619530812059,1268.1812740706002,12.704591941739112,0
87.96254088452915,8.508616184981225,83.72081482213659,1498.3005884287759,13.921909812456109,0
78.8382872831415,7.083554290659558,66.29930894869833,654.063549528109,14.336390534604986,0
87.31598524095942,0.09884501750192973,47.61769869929656,1469.9333296905725,14.551197641216751,0
76.07583570376558,2.696684433012917,84.94378185974651,1689.38251660706,14.258150700716497,0
77.01656086174253,2.3531677078756315,38.8096693146123,1300.8901703843237,11.250572596458575,0
89.84447095278388,1.8200574033455248,37.69368807065921,1101.3226173286912,12.135178342720266,0
88.35357176410434,3.007568196579292,59.76075822538992,989.0741555451813,11.992959733248036,0
106.74321249690685,0.7515473804267692,41.76032719655966,1500.5961560582207,13.002384409510492,0
84.11986043961772,5.281671189765157,20.73368797840695,1570.6435132414554,12.655172187167475,0
93.01035521301897,7.549433911506987,71.75137565600669,1819.5003292999675,13.254110124394977,0
95.86479437137959,6.617978726042245,60.42310967706561,1079.2838079889054,13.858210624703872,0
70.58041346880222,6.961989341705861,57.10925411061678,1678.117638881409,14.228695966775744,0
95.82235589150974,1.4846046634637657,96.82081715335379,1386.2641943407898,14.215852599836486,0
77.58105314207766,9.776032419776762,65.48151075423006,1835.8165538309418,14.502896815191718,0
108.1087406560087,8.335960715208795,89.28244464129378,1339.1393633182731,12.167614556008115,0
76.8831579982333,9.187120545180068,31.456125379284952,1324.6642115237619,11.896265188972663,0
87.12498898193827,8.67435661155762,66.01548307796205,1408.6009475630428,13.693990997111772,0
73.19032577531638,9.61397729182982,90.34217439235687,1649.6867275700963,12.965676714975254,0
110.51547825470544,4.804387452867809,66.9015394101222,1950.5942699811105,12.767490234713463,0
90.12172816851341,1.35866636994449,76.91311885017679,704.0130500309212,13.017630928407113,0
94.24178753036286,6.314193819596338,49.6350128624157,673.9956972123241,13.345851075406504,0
72.92542550418435,7.501575535563511,27.549877549222273,1912.2920829838522,13.411172977127261,0
99.57524048847168,7.072112651036096,57.66613663091863,1341.8421951438338,12.775871857823752,0
78.0744488076647,5.284981591474831,50.859448527896454,1461.432910942525,13.722874771438725,0
106.43715198641912,1.4789006573575785,89.96610284292841,1275.5927769189213,12.998684859916633,0
78.03819795322701,4.058830621576428,39.60958137297099,731.2756700275547,12.427119582058227,0
77.42568459492566,8.637161829757204,97.75765347042338,1674.7614978898562,12.796192850215427,0
70.98442542424911,5.7887346840027885,96.60005222604173,1645.536032425407,12.673699675915154,0
89.09447733719671,4.9808361921308535,39.38931513065194,1036.5459024200816,12.251159687079566,0
93.62490779012623,2.4946851856176546,48.2195928278863,1028.0528903228515,13.663107447622055,0
72.09457912000696,3.4776813663509674,91.97167478346361,1772.7119943925813,13.588720359168844,0
101.0332143961368,8.71463810022969,97.81580615455846,701.5506195024002,13.423925305269728,0
88.83766366762882,6.037062789281659,55.46847590919421,1833.0560455630537,13.056869326403659,0
90.93579007748035,7.810042926764233,45.379852639611904,960.1290438354611,13.82346834641037,0
87.85669577565399,4.263150412252896,61.308127562611446,1430.7906150298104,13.417163064015266,0
85.4993256709396,4.837747849560445,75.43122314332848,1909.6061406033198,12.93768453171685,0
92.59976680093253,3.5103220996829068,42.089905971220375,1548.905316529714,12.70012263084959,0
76.11603770472622,7.598993129943199,78.43496265309385,1179.0588488316039,13.939569050950144,0
77.76999021765077,4.087862974570875,23.86330173252297,1564.9565967863073,13.70969786532773,0
105.06511786632306,4.4348646730177546,23.710180015177595,1081.9546850812044,13.435430334516253,0
123.16968281483679,18.982951582103045,30.96945591247886,987.9548354177231,12.633870234821044,1
85.22218923779691,10.2106676535947,47.869014166555075,1995.5869877303596,13.838952570085246,0
80.99268508403324,1.588707813472765,44.683742050969,1650.345156492562,12.196160622887813,0
95.8571738803493,8.325779237593338,59.07534150756883,1503.0069559618357,12.384175760170738,0
86.17278369751851,3.4355964262146035,45.28933783576092,1097.1279458930821,14.069450090597307,0
71.18469614814464,4.5268379345307395,34.56713101701398,668.8312456582089,14.22060116242105,0
76.09840318957811,-0.44922943168787577,45.76885904237281,643.4331891985214,12.211821894451184,0
98.72311964203071,2.804549093861302,98.61861219033341,1375.2179833678722,12.8584080072448,0
97.01575644421004,5.092276409687283,52.499563648827895,1666.2692672888018,12.800154950883199,0
70.58056841749952,0.33448691410266806,55.71323284699367,1352.8147638558987,14.147895494675176,0
79.4488257578825,4.801630655114133,66.33233174100184,1777.2985967935113,13.698294041195396,0
79.9015493971928,9.225406509829716,99.26280440052487,647.322170851287,13.543966788705204,0
123.53152038494665,8.311099680700584,19.45287799927863,1113.6152361140676,12.584761549890713,1
69.72749406067028,7.670536526003785,75.04862223458592,931.9700429612539,12.809530097282051,0
73.86043228583573,3.5664080005616263,77.00482283123448,1225.3191501106376,13.176731619048406,0
102.64514068820813,6.193229070679412,67.91802214136098,701.191767123391,12.883933515804667,0
77.13035245102391,1.9600738470023087,27.448335450588775,1935.7706060392998,14.340857938093201,0
95.61019319792753,2.083830400256683,74.79516127826733,913.5341150962416,13.374392734457544,0
79.27492378125496,0.5518026717921021,26.421531369659384,1891.5743639930681,12.48813746095845,0
92.75631942025484,8.74069396335472,54.24222830929885,1197.0184476422091,12.95996390862395,1
80.00025442407885,2.549641747643852,79.5159540202798,1980.0325554102526,12.801188606317425,0
98.77121122464152,6.4911035563983726,36.67269062769927,1375.3260852308204,11.870635987579373,0
104.04444651834409,7.51533757452143,87.72143995868394,1903.2245719542054,13.210980334997087,0
103.01291550815776,7.960601574927972,21.693059667024713,607.6066959950441,13.361653663980015,0
111.51678800735142,17.97433657075086,68.38687462561711,1647.0647508683749,13.448782093712632,1
97.53109330756055,0.59901952414657,56.438386639837965,1864.0787206552252,13.316767107603845,0
78.03821158202716,2.634265266055377,37.4465172173656,795.5059102736972,13.623108030854096,0
82.33448847085329,3.8631663526563655,30.38171096624826,735.3790023412946,12.333811602054379,0
106.61409076680602,2.8320330451270825,96.59410057854652,1193.3612797976425,13.461082930137726,0
71.01923238950343,4.687774539908181,26.326694315621495,1907.7533777964672,14.772752444690282,0
73.2045310778197,4.5567385639990095,36.22726236549673,1358.8727866491345,14.40769195484949,0
78.51731525100939,3.4053510929062165,48.63518161447411,1337.75300961679,12.109641525179955,0
71.04919035175733,3.431163197689141,69.8267012316173,798.1665366840698,12.392513829872339,0
76.80556647322682,8.533655572742472,62.975638466917786,601.4712645651235,13.165752801283862,0
93.48384207964848,7.625270126913026,30.73316764975429,1734.8233863948362,12.665756430090747,0
86.26746212812002,3.3337081044883874,42.87566058125417,723.0047391545063,12.302436920537062,0
106.30070813730978,10.105461458762708,39.555350936724714,1488.4196687303222,12.905965571730084,0
102.46543382088845,9.935900681247192,37.87029546750487,1880.7423982397402,13.4748308948124,0
83.77327389585146,3.2433811666350216,53.11989092376417,892.0344397337418,13.840017880800442,0
80.51858127302478,3.4526742524039014,75.57443680075023,1531.553433920336,11.00205126270263,0
85.05824383983864,4.878004967129653,36.93712849412398,710.7997419546862,13.42404113355262,0
93.90514460132994,10.001528581562807,49.99568260968108,1444.867513710028,14.39794705406408,0
80.48509380460379,8.449537608447464,51.18883280447157,829.1784650432181,13.705251699670795,0
95.40160496269398,1.0482909803358893,98.1563091223039,1630.1805047139503,15.084177410300574,0
85.70347624752624,3.952906383654705,96.7527207584073,1020.6715213120889,14.037068331347994,0
92.14507702385241,5.282819801091952,84.35916805120624,1248.8164515307135,14.488904235259424,0
88.4145256649418,4.34509195157335,39.47211357172754,1438.259694486695,12.767442366593423,0
81.27846471937391,2.1001179311777607,25.33865094172334,839.8093045892017,13.223880437996712,0
107.59925979322384,8.557665725753854,45.1959967947838,1638.7255909427367,11.903487340647475,0
100.80118569121989,7.019528064686658,41.77251336735214,1023.4580386612186,11.866259272216965,0
75.6943179216279,8.112283595298454,60.75084877724541,1528.1591618129482,12.865750132162374,0
104.9140340855533,9.198053442901244,82.08958280511455,820.8660205294138,11.784102377952431,0
89.74184149505437,7.045171646051475,89.20689126680521,1563.9603532297062,12.112581505477255,0
106.09944981004453,5.248126154506119,87.52460977527579,779.8008704628498,11.881010710883304,0
102.54906015887073,5.231649295240115,48.348213810678224,1194.6410781538216,13.094127335935198,0
87.21344950723359,1.8210390934758771,74.59926212740297,947.4439003839478,14.538431816850412,0
70.77814350549542,6.974169516012388,44.53736538378272,1647.6934765567037,12.172803929312302,0
81.0833812259992,1.3947540234223663,24.736238450512772,966.4102642985466,13.311448025695997,0
92.61530955388228,7.151692874032074,76.74208338740348,1833.700685356163,12.692040867636205,0
95.2728119198546,2.935740942419766,20.38365661506777,1848.438286955428,14.222288381772337,0
79.82824276499277,0.06710358182516751,52.82884487718813,874.9541378757052,14.33907431954059,0
76.12778329755645,1.9042173051749816,46.02199687135235,1459.435645775084,13.146442707991365,0
103.33701888999516,-1.226714057974336,75.34004856087249,722.655800329838,13.760719803210302,0
108.28975245513506,6.704563776773699,80.54461721483769,1148.4685520973383,11.80143108582098,0
91.45131813068264,8.138593673034263,44.21730176312444,1598.4566063854495,14.07937333676891,0
76.59950734095518,4.858442482436567,84.8333084656858,1522.2250635312625,14.561634676843159,0
80.84702641962268,1.0266880283493507,43.78348481241255,1474.5062564214263,13.468911660060229,0
70.90161722718318,0.7365745106145565,55.817749255552584,994.3734703007343,13.930499474784256,0
106.66720210230949,1.2252428334546461,77.5622860986547,1129.4118145236084,13.20421038841284,0
75.06476922417517,0.741640646049194,75.97571746000486,743.6349524652593,13.794299784950583,0
92.84291583528523,8.382900394011795,99.094629305087,1606.7136287844994,12.318628089811746,0
81.21876172657628,3.1640842586066307,38.112078695863296,1306.1013529985453,13.295266017722305,0
92.03734676183977,4.471564443941023,72.98084190647401,1591.7975109362824,12.390345536090816,0
96.42622077451833,1.00173923266819,68.51567393845109,949.051562844878,14.228461579424762,0
103.4973558902946,1.6040866962183817,93.31677752907675,1053.9968253057498,12.568707374523973,0
77.78913151940183,6.240167458706631,32.7467655495543,1068.7780695651934,13.443731840594719,0
92.72998832880465,16.396574880448068,70.88866015338724,635.8567973395036,13.14147701074568,1
103.61688949247304,15.032839288024741,55.12135268002682,1077.0467754701194,13.052642515180743,1
106.40477457306477,0.17112041778246206,41.845796097830636,1724.9700221504447,13.961340056356075,0
105.13924675920128,3.885814020854968,58.082878434621065,1855.9999991848222,13.421992069964155,0
94.8156159252099,2.2618536687409256,47.29878326854739,1325.0849171332338,12.198741787844288,0
93.9089414261602,2.3609648846058082,65.95920181577847,1237.4634533815565,13.349002113091764,0
96.42680858379113,10.32412874620022,90.87106794176435,643.1321629130268,14.401072133160135,0
77.00514134199412,6.602713379825942,65.28813169765289,1831.5571626851581,13.46552105865941,0
106.42488794558126,5.030096393228579,70.13702967107444,617.247254923492,13.471944292373012,0
87.15079194665395,4.845999260242988,61.32623452162062,1922.6616526237717,13.583772952148548,0
84.51738582576161,4.446009404308021,24.478641625632058,1285.215199960654,12.874554789381776,0
90.22986700174033,5.752582936310267,38.10176680240537,1078.805015292113,12.810166297461716,0
71.34473721021261,7.697568500000374,59.574045552143076,1894.560741364441,13.25623676105669,0
77.12648854622996,6.465670837061519,43.96787158456721,634.1102176892562,12.935888843094933,0
100.37665134334577,1.6990262877012643,34.26041882267444,1413.9025770956289,14.026357974859897,0
73.25972210773632,4.735400245086662,60.16588270336607,1368.8016990725794,13.328097545656913,0
94.04167351706052,3.335651237658291,46.66221331228506,907.0982186034106,12.298463291200985,0
79.84899046880943,8.878624651496303,40.51121030149684,1200.2471995211547,12.958833950910707,0
86.15276371298316,7.569967487975975,56.01821165850501,1513.4276803410714,12.069985466497025,0
81.0840729037327,4.405001791906942,29.66329619314323,1617.6574114880902,12.963723400774665,0
84.34609314996536,1.1378061162644386,94.23667343920593,600.6980136132021,13.695366816605482,0
126.28965201202855,20.50849640168234,82.4312957778343,1911.3308051165386,12.608549888399521,1
82.13541570989693,1.2335781576304248,76.79737478805646,831.0120559300206,13.55794463286954,0
92.75097642017525,3.3155017293996503,28.580891259976994,925.40209973331,14.410625407904785,0
89.54253913424756,0.7788114664204066,82.65131015632826,969.060623388769,14.801295035337468,0
95.1952304680063,7.037129841713771,84.36679063835295,652.9653270799495,13.186267529689536,0
107.81212723275577,1.684139149853563,81.86862469516042,771.4325377968358,14.408835256227098,0
98.9758460468463,2.823632879390983,28.301263527026084,1981.0447555113947,13.846855474494099,0
77.68229869520204,9.554043886444651,71.06016264895214,1041.5413083241162,13.944830974097219,0
71.50292670221387,2.522356743910724,85.84246296248598,761.7163460903477,13.489452428140533,0
81.17739104457448,5.103881128013331,66.05084944723852,748.4618516129501,12.851715900788799,0
93.73439297069635,4.307253955763072,71.68945940961395,1607.9271494438879,14.623742543369058,0
72.53346981297149,0.718399416815078,56.726129100217754,1796.027261293355,12.965254642393877,0
90.66078901704377,8.039750964117168,62.327527267167774,960.0765031852343,12.625463633126056,0
94.53117118346759,1.1424678405266544,22.286372002732154,629.64385415967,12.500013971151875,0
84.18973789736413,4.593809109332612,71.02192133565616,911.8876772806885,11.672867873910429,0
101.20755189536882,6.262774818676473,25.767053696989862,679.4521970916361,14.17303235194764,0
74.30164694480166,6.444657429112213,55.482782034783995,744.5601646616019,13.329963595079446,0
72.20452836348376,6.983342264881693,43.26059477694363,1203.0756791970302,13.917767374396494,0
99.00451900407916,1.8976932908711348,63.3897929574152,922.4695901690494,13.058021206322842,0
89.39802935058984,0.2432656937353481,31.467777006078606,1321.9367074540846,13.063851595357667,0
98.62156721585835,6.818459164801894,74.71034889109083,954.4640078286975,12.55666354184338,0
87.30515063793368,5.037424630211539,83.03812939726164,1916.5506886101084,13.380839484852686,0
79.91768373295652,7.953489217914428,32.520245817018235,1868.4576734594339,14.020642517312488,0
103.03983539498822,7.680766163057331,28.31111129730083,1393.4999118092412,12.972101630096182,0
101.9984363819454,9.495647379387313,31.85705443780753,1096.4676222446942,14.021630558840345,0
98.63538435439244,5.516616130789603,90.54004268593906,1132.9358901653657,12.453266976441281,0
80.57448080833127,4.296467709440787,63.54113859925598,1176.2220032170803,12.886724214029638,0
93.7065304023821,7.304134516135918,56.25616345349983,1618.553052452761,11.631014265515718,0
84.06772058475205,4.548568005247996,28.841313322750548,1233.2435373727023,12.748330895278633,0
73.003271677455,1.1876681514322973,71.68591525427082,1799.3650188390495,14.265816426819862,0
106.38665847303707,8.201892757016212,89.14675977716281,1922.2753114343413,14.336627779375757,0
75.45422683823425,8.366535276015187,85.94498348174929,1070.3438923148994,13.703536831285673,0
107.79484304057347,5.282889564622481,69.62999188306011,1384.7304446072335,13.277284506517804,0
101.67571727155591,10.090449877097258,9.208221463214365,732.955789353533,14.541781672117725,1
